rssi,hh,mm,ss,d
-51,14,11,54,0.20
-49,14,11,55,0.20
-52,14,11,56,0.20
-49,14,11,56,0.20
-51,14,11,57,0.20
-50,14,11,59,0.20
-50,14,11,59,0.20
-51,14,12,01,0.20
-51,14,12,01,0.20
-51,14,12,02,0.20
-51,14,12,03,0.20
-49,14,12,04,0.20
-52,14,12,05,0.20
-51,14,12,06,0.20
-51,14,12,07,0.20
-49,14,12,08,0.20
-51,14,12,08,0.20
-51,14,12,09,0.20
-52,14,12,10,0.20
-51,14,12,10,0.20
-51,14,12,11,0.20
-51,14,12,12,0.20
-51,14,12,13,0.20
-51,14,12,14,0.20
-51,14,12,15,0.20
-51,14,12,16,0.20
-52,14,12,17,0.20
-51,14,12,19,0.20
-49,14,12,20,0.20
-50,14,12,20,0.20
-49,14,12,21,0.20
-51,14,12,22,0.20
-49,14,12,23,0.20
-51,14,12,24,0.20
-49,14,12,26,0.20
-52,14,12,27,0.20
-50,14,12,28,0.20
-52,14,12,29,0.20
-49,14,12,30,0.20
-53,14,12,31,0.20
-51,14,12,32,0.20
-51,14,12,33,0.20
-52,14,12,33,0.20
-51,14,12,34,0.20
-49,14,12,35,0.20
-49,14,12,36,0.20
-51,14,12,37,0.20
-49,14,12,38,0.20
-49,14,12,39,0.20
-51,14,12,40,0.20
-51,14,12,41,0.20
-52,14,12,41,0.20
-52,14,12,42,0.20
-49,14,12,43,0.20
-52,14,12,44,0.20
-50,14,12,44,0.20
-52,14,12,45,0.20
-52,14,12,46,0.20
-52,14,12,47,0.20
-49,14,12,48,0.20
-51,14,12,50,0.20
-49,14,12,51,0.20
-51,14,12,51,0.20
-52,14,12,52,0.20
-52,14,12,53,0.20
-53,14,12,54,0.20
-51,14,12,54,0.20
-51,14,12,55,0.20
-51,14,12,56,0.20
-51,14,12,56,0.20
-51,14,12,57,0.20
-49,14,12,59,0.20
-51,14,12,59,0.20
-49,14,13,00,0.20
-53,14,13,01,0.20
-49,14,13,02,0.20
-51,14,13,03,0.20
-49,14,13,04,0.20
-51,14,13,05,0.20
-53,14,13,06,0.20
-51,14,13,07,0.20
-51,14,13,08,0.20
-49,14,13,09,0.20
-51,14,13,09,0.20
-49,14,13,11,0.20
-51,14,13,12,0.20
-49,14,13,12,0.20
-49,14,13,13,0.20
-49,14,13,14,0.20
-51,14,13,15,0.20
-51,14,13,16,0.20
-49,14,13,17,0.20
-51,14,13,17,0.20
-49,14,13,19,0.20
-51,14,13,20,0.20
-51,14,13,21,0.20
-51,14,13,22,0.20
-51,14,13,23,0.20
-52,14,13,23,0.20
-53,14,13,24,0.20
-52,14,13,25,0.20
-48,14,13,26,0.20
-51,14,13,27,0.20
-49,14,13,29,0.20
-49,14,13,30,0.20
-51,14,13,30,0.20
-51,14,13,31,0.20
-51,14,13,32,0.20
-53,14,13,33,0.20
-49,14,13,33,0.20
-49,14,13,36,0.20
-51,14,13,36,0.20
-51,14,13,36,0.20
-51,14,13,37,0.20
-51,14,13,38,0.20
-51,14,13,39,0.20
-49,14,13,39,0.20
-52,14,13,41,0.20
-51,14,13,41,0.20
-49,14,13,42,0.20
-52,14,13,43,0.20
-49,14,13,44,0.20
-49,14,13,45,0.20
-50,14,13,46,0.20
-53,14,13,47,0.20
-52,14,13,48,0.20
-52,14,13,49,0.20
-49,14,13,50,0.20
-49,14,13,52,0.20
-51,14,13,52,0.20
-49,14,13,53,0.20
-50,14,13,55,0.20
-51,14,13,55,0.20
-51,14,13,57,0.20
-51,14,13,57,0.20
-52,14,13,58,0.20
-52,14,13,58,0.20
-50,14,13,59,0.20
-50,14,14,00,0.20
-49,14,14,01,0.20
-49,14,14,02,0.20
-49,14,14,03,0.20
-49,14,14,04,0.20
-51,14,14,05,0.20
-51,14,14,06,0.20
-49,14,14,06,0.20
-51,14,14,08,0.20
-51,14,14,08,0.20
-49,14,14,09,0.20
-51,14,14,10,0.20
-51,14,14,11,0.20
-52,14,14,12,0.20
-51,14,14,13,0.20
-51,14,14,14,0.20
-51,14,14,15,0.20
-49,14,14,16,0.20
-50,14,14,17,0.20
-50,14,14,18,0.20
-52,14,14,19,0.20
-51,14,14,20,0.20
-51,14,14,21,0.20
-50,14,14,22,0.20
-51,14,14,23,0.20
-52,14,14,24,0.20
-49,14,14,24,0.20
-49,14,14,25,0.20
-50,14,14,26,0.20
-49,14,14,27,0.20
-53,14,14,28,0.20
-49,14,14,28,0.20
-49,14,14,29,0.20
-51,14,14,30,0.20
-50,14,14,31,0.20
-51,14,14,32,0.20
-50,14,14,33,0.20
-51,14,14,33,0.20
-49,14,14,34,0.20
-49,14,14,35,0.20
-51,14,14,36,0.20
-51,14,14,37,0.20
-49,14,14,38,0.20
-51,14,14,39,0.20
-53,14,14,39,0.20
-51,14,14,40,0.20
-48,14,14,41,0.20
-49,14,14,42,0.20
-52,14,14,43,0.20
-49,14,14,43,0.20
-51,14,14,44,0.20
-51,14,14,45,0.20
-52,14,14,46,0.20
-49,14,14,47,0.20
-51,14,14,47,0.20
-49,14,14,48,0.20
-52,14,14,49,0.20
-49,14,14,50,0.20
-51,14,14,51,0.20
-49,14,14,52,0.20
-51,14,14,53,0.20
-49,14,14,55,0.20
-51,14,14,55,0.20
-53,14,14,56,0.20
-51,14,14,57,0.20
-51,14,14,58,0.20
-53,14,15,00,0.20
-51,14,15,00,0.20
-51,14,15,01,0.20
-52,14,15,02,0.20
-49,14,15,03,0.20
-49,14,15,04,0.20
-52,14,15,05,0.20
-49,14,15,05,0.20
-51,14,15,06,0.20
-49,14,15,07,0.20
-51,14,15,08,0.20
-51,14,15,09,0.20
-51,14,15,10,0.20
-50,14,15,11,0.20
-51,14,15,12,0.20
-51,14,15,13,0.20
-49,14,15,14,0.20
-52,14,15,14,0.20
-49,14,15,15,0.20
-49,14,15,17,0.20
-49,14,15,17,0.20
-51,14,15,18,0.20
-61,14,16,32,0.40
-55,14,16,33,0.40
-57,14,16,34,0.40
-55,14,16,35,0.40
-56,14,16,36,0.40
-57,14,16,37,0.40
-55,14,16,38,0.40
-55,14,16,39,0.40
-55,14,16,41,0.40
-55,14,16,42,0.40
-56,14,16,42,0.40
-55,14,16,43,0.40
-55,14,16,44,0.40
-55,14,16,45,0.40
-56,14,16,45,0.40
-55,14,16,47,0.40
-56,14,16,47,0.40
-55,14,16,48,0.40
-56,14,16,49,0.40
-56,14,16,50,0.40
-58,14,16,50,0.40
-56,14,16,52,0.40
-55,14,16,53,0.40
-56,14,16,54,0.40
-55,14,16,55,0.40
-56,14,16,55,0.40
-57,14,16,56,0.40
-56,14,16,57,0.40
-56,14,16,58,0.40
-55,14,16,59,0.40
-55,14,17,00,0.40
-55,14,17,01,0.40
-56,14,17,03,0.40
-55,14,17,03,0.40
-55,14,17,04,0.40
-56,14,17,04,0.40
-56,14,17,05,0.40
-55,14,17,07,0.40
-57,14,17,07,0.40
-56,14,17,08,0.40
-55,14,17,11,0.40
-57,14,17,11,0.40
-55,14,17,13,0.40
-56,14,17,14,0.40
-55,14,17,15,0.40
-57,14,17,15,0.40
-56,14,17,16,0.40
-57,14,17,16,0.40
-55,14,17,18,0.40
-57,14,17,18,0.40
-55,14,17,18,0.40
-57,14,17,19,0.40
-55,14,17,20,0.40
-56,14,17,21,0.40
-57,14,17,22,0.40
-57,14,17,23,0.40
-57,14,17,24,0.40
-56,14,17,25,0.40
-56,14,17,26,0.40
-56,14,17,26,0.40
-57,14,17,28,0.40
-55,14,17,29,0.40
-57,14,17,29,0.40
-57,14,17,30,0.40
-57,14,17,31,0.40
-57,14,17,32,0.40
-54,14,17,33,0.40
-58,14,17,34,0.40
-55,14,17,35,0.40
-55,14,17,35,0.40
-54,14,17,36,0.40
-55,14,17,37,0.40
-57,14,17,38,0.40
-56,14,17,39,0.40
-55,14,17,40,0.40
-56,14,17,41,0.40
-55,14,17,42,0.40
-57,14,17,43,0.40
-57,14,17,43,0.40
-57,14,17,45,0.40
-55,14,17,45,0.40
-56,14,17,46,0.40
-57,14,17,47,0.40
-56,14,17,48,0.40
-56,14,17,49,0.40
-57,14,17,51,0.40
-55,14,17,51,0.40
-55,14,17,52,0.40
-55,14,17,53,0.40
-55,14,17,54,0.40
-55,14,17,55,0.40
-55,14,17,55,0.40
-56,14,17,56,0.40
-55,14,17,57,0.40
-57,14,17,58,0.40
-55,14,17,59,0.40
-57,14,18,00,0.40
-55,14,18,01,0.40
-56,14,18,02,0.40
-55,14,18,03,0.40
-54,14,18,05,0.40
-56,14,18,05,0.40
-57,14,18,06,0.40
-56,14,18,07,0.40
-56,14,18,08,0.40
-57,14,18,10,0.40
-55,14,18,10,0.40
-55,14,18,11,0.40
-57,14,18,12,0.40
-55,14,18,13,0.40
-57,14,18,14,0.40
-57,14,18,15,0.40
-56,14,18,16,0.40
-57,14,18,16,0.40
-55,14,18,17,0.40
-56,14,18,18,0.40
-55,14,18,19,0.40
-55,14,18,20,0.40
-56,14,18,21,0.40
-57,14,18,22,0.40
-56,14,18,23,0.40
-57,14,18,24,0.40
-55,14,18,26,0.40
-56,14,18,26,0.40
-56,14,18,27,0.40
-56,14,18,28,0.40
-55,14,18,29,0.40
-56,14,18,29,0.40
-55,14,18,30,0.40
-56,14,18,31,0.40
-56,14,18,32,0.40
-55,14,18,33,0.40
-56,14,18,34,0.40
-57,14,18,34,0.40
-57,14,18,35,0.40
-56,14,18,36,0.40
-55,14,18,37,0.40
-56,14,18,38,0.40
-57,14,18,38,0.40
-56,14,18,39,0.40
-55,14,18,40,0.40
-57,14,18,40,0.40
-56,14,18,41,0.40
-55,14,18,43,0.40
-56,14,18,43,0.40
-56,14,18,44,0.40
-57,14,18,46,0.40
-57,14,18,46,0.40
-55,14,18,47,0.40
-56,14,18,48,0.40
-56,14,18,48,0.40
-57,14,18,49,0.40
-56,14,18,50,0.40
-55,14,18,51,0.40
-56,14,18,52,0.40
-57,14,18,52,0.40
-56,14,18,54,0.40
-55,14,18,55,0.40
-55,14,18,56,0.40
-56,14,18,57,0.40
-55,14,18,58,0.40
-55,14,18,59,0.40
-57,14,19,00,0.40
-56,14,19,01,0.40
-56,14,19,02,0.40
-56,14,19,03,0.40
-56,14,19,04,0.40
-55,14,19,04,0.40
-56,14,19,06,0.40
-56,14,19,06,0.40
-55,14,19,08,0.40
-57,14,19,09,0.40
-56,14,19,09,0.40
-55,14,19,10,0.40
-57,14,19,11,0.40
-55,14,19,12,0.40
-56,14,19,13,0.40
-56,14,19,14,0.40
-55,14,19,15,0.40
-57,14,19,16,0.40
-55,14,19,17,0.40
-57,14,19,18,0.40
-55,14,19,18,0.40
-57,14,19,19,0.40
-56,14,19,19,0.40
-56,14,19,20,0.40
-55,14,19,21,0.40
-55,14,19,22,0.40
-57,14,19,23,0.40
-57,14,19,24,0.40
-55,14,19,24,0.40
-55,14,19,25,0.40
-56,14,19,26,0.40
-56,14,19,28,0.40
-57,14,19,29,0.40
-57,14,19,30,0.40
-56,14,19,30,0.40
-56,14,19,42,0.60
-57,14,19,42,0.60
-64,14,19,43,0.60
-61,14,19,44,0.60
-60,14,19,45,0.60
-60,14,19,46,0.60
-58,14,19,46,0.60
-62,14,19,47,0.60
-62,14,19,48,0.60
-61,14,19,49,0.60
-59,14,19,49,0.60
-59,14,19,50,0.60
-62,14,19,52,0.60
-60,14,19,52,0.60
-61,14,19,53,0.60
-61,14,19,54,0.60
-61,14,19,54,0.60
-59,14,19,55,0.60
-59,14,19,57,0.60
-61,14,19,58,0.60
-63,14,19,58,0.60
-59,14,19,59,0.60
-62,14,20,00,0.60
-62,14,20,01,0.60
-62,14,20,02,0.60
-62,14,20,03,0.60
-63,14,20,03,0.60
-62,14,20,04,0.60
-62,14,20,04,0.60
-62,14,20,06,0.60
-62,14,20,07,0.60
-61,14,20,07,0.60
-61,14,20,08,0.60
-60,14,20,09,0.60
-59,14,20,09,0.60
-61,14,20,10,0.60
-59,14,20,11,0.60
-58,14,20,12,0.60
-64,14,20,12,0.60
-64,14,20,13,0.60
-61,14,20,14,0.60
-63,14,20,15,0.60
-63,14,20,17,0.60
-61,14,20,17,0.60
-64,14,20,18,0.60
-59,14,20,19,0.60
-61,14,20,20,0.60
-64,14,20,21,0.60
-59,14,20,22,0.60
-60,14,20,23,0.60
-59,14,20,24,0.60
-63,14,20,25,0.60
-63,14,20,26,0.60
-63,14,20,27,0.60
-61,14,20,28,0.60
-59,14,20,28,0.60
-61,14,20,29,0.60
-61,14,20,30,0.60
-58,14,20,31,0.60
-61,14,20,32,0.60
-60,14,20,33,0.60
-59,14,20,34,0.60
-61,14,20,35,0.60
-63,14,20,36,0.60
-60,14,20,36,0.60
-63,14,20,37,0.60
-63,14,20,38,0.60
-60,14,20,39,0.60
-63,14,20,39,0.60
-60,14,20,40,0.60
-63,14,20,41,0.60
-63,14,20,42,0.60
-64,14,20,42,0.60
-63,14,20,43,0.60
-61,14,20,44,0.60
-63,14,20,45,0.60
-63,14,20,46,0.60
-64,14,20,46,0.60
-59,14,20,47,0.60
-60,14,20,48,0.60
-58,14,20,50,0.60
-59,14,20,51,0.60
-63,14,20,51,0.60
-63,14,20,52,0.60
-61,14,20,53,0.60
-60,14,20,54,0.60
-62,14,20,55,0.60
-61,14,20,55,0.60
-60,14,20,56,0.60
-59,14,20,57,0.60
-61,14,20,57,0.60
-63,14,20,58,0.60
-59,14,21,00,0.60
-63,14,21,00,0.60
-64,14,21,01,0.60
-63,14,21,02,0.60
-63,14,21,02,0.60
-58,14,21,03,0.60
-61,14,21,04,0.60
-63,14,21,05,0.60
-64,14,21,06,0.60
-61,14,21,07,0.60
-63,14,21,07,0.60
-61,14,21,08,0.60
-59,14,21,09,0.60
-63,14,21,10,0.60
-63,14,21,10,0.60
-59,14,21,11,0.60
-63,14,21,12,0.60
-62,14,21,13,0.60
-58,14,21,14,0.60
-61,14,21,15,0.60
-58,14,21,16,0.60
-61,14,21,16,0.60
-63,14,21,17,0.60
-63,14,21,18,0.60
-59,14,21,19,0.60
-61,14,21,20,0.60
-61,14,21,21,0.60
-61,14,21,21,0.60
-63,14,21,22,0.60
-63,14,21,23,0.60
-61,14,21,23,0.60
-59,14,21,24,0.60
-61,14,21,25,0.60
-63,14,21,26,0.60
-61,14,21,27,0.60
-63,14,21,28,0.60
-61,14,21,28,0.60
-58,14,21,29,0.60
-58,14,21,30,0.60
-63,14,21,31,0.60
-60,14,21,32,0.60
-58,14,21,33,0.60
-61,14,21,33,0.60
-60,14,21,34,0.60
-59,14,21,34,0.60
-61,14,21,35,0.60
-63,14,21,36,0.60
-59,14,21,37,0.60
-60,14,21,38,0.60
-60,14,21,39,0.60
-62,14,21,40,0.60
-59,14,21,41,0.60
-61,14,21,41,0.60
-59,14,21,43,0.60
-59,14,21,43,0.60
-61,14,21,44,0.60
-63,14,21,45,0.60
-59,14,21,46,0.60
-58,14,21,47,0.60
-64,14,21,47,0.60
-59,14,21,48,0.60
-59,14,21,49,0.60
-61,14,21,50,0.60
-61,14,21,51,0.60
-61,14,21,52,0.60
-59,14,21,53,0.60
-63,14,21,53,0.60
-58,14,21,54,0.60
-59,14,21,55,0.60
-62,14,21,56,0.60
-59,14,21,57,0.60
-62,14,21,58,0.60
-61,14,21,58,0.60
-59,14,21,59,0.60
-59,14,22,00,0.60
-59,14,22,01,0.60
-63,14,22,02,0.60
-63,14,22,03,0.60
-64,14,22,03,0.60
-64,14,22,04,0.60
-63,14,22,05,0.60
-61,14,22,07,0.60
-64,14,22,07,0.60
-61,14,22,08,0.60
-64,14,22,09,0.60
-59,14,22,10,0.60
-61,14,22,11,0.60
-63,14,22,12,0.60
-59,14,22,13,0.60
-61,14,22,13,0.60
-63,14,22,14,0.60
-61,14,22,15,0.60
-59,14,22,16,0.60
-58,14,22,16,0.60
-65,14,22,17,0.60
-62,14,22,18,0.60
-59,14,22,18,0.60
-59,14,22,19,0.60
-59,14,22,20,0.60
-59,14,22,20,0.60
-65,14,22,21,0.60
-63,14,22,22,0.60
-63,14,22,23,0.60
-59,14,22,24,0.60
-63,14,22,25,0.60
-61,14,22,25,0.60
-58,14,22,26,0.60
-64,14,22,27,0.60
-64,14,22,27,0.60
-61,14,22,28,0.60
-64,14,22,29,0.60
-61,14,22,31,0.60
-63,14,22,32,0.60
-59,14,22,32,0.60
-61,14,22,33,0.60
-59,14,22,34,0.60
-58,14,22,35,0.60
-63,14,22,36,0.60
-63,14,22,37,0.60
-59,14,22,38,0.60
-64,14,22,39,0.60
-63,14,22,40,0.60
-64,14,22,41,0.60
-59,14,23,26,0.80
-59,14,23,26,0.80
-59,14,23,26,0.80
-57,14,23,26,0.80
-57,14,23,26,0.80
-57,14,23,26,0.80
-60,14,23,27,0.80
-60,14,23,27,0.80
-60,14,23,27,0.80
-61,14,23,28,0.80
-61,14,23,28,0.80
-61,14,23,28,0.80
-61,14,23,29,0.80
-61,14,23,29,0.80
-61,14,23,29,0.80
-70,14,23,29,0.80
-70,14,23,29,0.80
-70,14,23,29,0.80
-67,14,23,30,0.80
-67,14,23,30,0.80
-67,14,23,30,0.80
-59,14,23,31,0.80
-59,14,23,31,0.80
-59,14,23,31,0.80
-59,14,23,32,0.80
-59,14,23,32,0.80
-59,14,23,32,0.80
-59,14,23,33,0.80
-59,14,23,33,0.80
-59,14,23,33,0.80
-65,14,23,33,0.80
-65,14,23,33,0.80
-65,14,23,33,0.80
-62,14,23,34,0.80
-62,14,23,34,0.80
-62,14,23,34,0.80
-67,14,23,35,0.80
-67,14,23,35,0.80
-67,14,23,35,0.80
-62,14,23,36,0.80
-62,14,23,36,0.80
-62,14,23,36,0.80
-76,14,23,37,0.80
-76,14,23,37,0.80
-76,14,23,37,0.80
-75,14,23,37,0.80
-75,14,23,37,0.80
-75,14,23,37,0.80
-67,14,23,38,0.80
-67,14,23,38,0.80
-67,14,23,38,0.80
-70,14,23,39,0.80
-70,14,23,39,0.80
-70,14,23,39,0.80
-58,14,23,40,0.80
-58,14,23,40,0.80
-58,14,23,40,0.80
-62,14,23,41,0.80
-62,14,23,41,0.80
-62,14,23,41,0.80
-59,14,23,41,0.80
-59,14,23,41,0.80
-59,14,23,41,0.80
-61,14,23,42,0.80
-61,14,23,42,0.80
-61,14,23,42,0.80
-59,14,23,43,0.80
-59,14,23,43,0.80
-59,14,23,43,0.80
-61,14,23,44,0.80
-61,14,23,44,0.80
-61,14,23,44,0.80
-59,14,23,45,0.80
-59,14,23,45,0.80
-59,14,23,45,0.80
-68,14,23,46,0.80
-68,14,23,46,0.80
-68,14,23,46,0.80
-59,14,23,47,0.80
-59,14,23,47,0.80
-59,14,23,47,0.80
-61,14,23,48,0.80
-61,14,23,48,0.80
-61,14,23,48,0.80
-59,14,23,49,0.80
-59,14,23,49,0.80
-59,14,23,49,0.80
-61,14,23,49,0.80
-61,14,23,49,0.80
-61,14,23,49,0.80
-61,14,23,50,0.80
-61,14,23,50,0.80
-61,14,23,50,0.80
-68,14,23,51,0.80
-68,14,23,51,0.80
-68,14,23,51,0.80
-59,14,23,51,0.80
-59,14,23,51,0.80
-59,14,23,51,0.80
-59,14,23,52,0.80
-59,14,23,52,0.80
-59,14,23,52,0.80
-59,14,23,53,0.80
-59,14,23,53,0.80
-59,14,23,53,0.80
-61,14,23,54,0.80
-61,14,23,54,0.80
-61,14,23,54,0.80
-70,14,23,54,0.80
-70,14,23,54,0.80
-70,14,23,54,0.80
-58,14,23,55,0.80
-58,14,23,55,0.80
-58,14,23,55,0.80
-59,14,23,56,0.80
-59,14,23,56,0.80
-59,14,23,56,0.80
-68,14,23,57,0.80
-68,14,23,57,0.80
-68,14,23,57,0.80
-68,14,23,58,0.80
-68,14,23,58,0.80
-68,14,23,58,0.80
-60,14,23,59,0.80
-60,14,23,59,0.80
-60,14,23,59,0.80
-59,14,24,00,0.80
-59,14,24,00,0.80
-59,14,24,00,0.80
-59,14,24,01,0.80
-59,14,24,01,0.80
-59,14,24,01,0.80
-60,14,24,02,0.80
-60,14,24,02,0.80
-60,14,24,02,0.80
-70,14,24,02,0.80
-70,14,24,02,0.80
-70,14,24,02,0.80
-60,14,24,03,0.80
-60,14,24,03,0.80
-60,14,24,03,0.80
-61,14,24,04,0.80
-61,14,24,04,0.80
-61,14,24,04,0.80
-61,14,24,04,0.80
-61,14,24,04,0.80
-61,14,24,04,0.80
-70,14,24,05,0.80
-70,14,24,05,0.80
-70,14,24,05,0.80
-61,14,24,06,0.80
-61,14,24,06,0.80
-61,14,24,06,0.80
-72,14,24,07,0.80
-72,14,24,07,0.80
-72,14,24,07,0.80
-70,14,24,08,0.80
-70,14,24,08,0.80
-70,14,24,08,0.80
-58,14,24,08,0.80
-58,14,24,08,0.80
-58,14,24,09,0.80
-69,14,24,09,0.80
-69,14,24,09,0.80
-69,14,24,09,0.80
-62,14,24,10,0.80
-62,14,24,10,0.80
-62,14,24,10,0.80
-69,14,24,11,0.80
-69,14,24,11,0.80
-69,14,24,11,0.80
-70,14,24,12,0.80
-70,14,24,12,0.80
-70,14,24,12,0.80
-60,14,24,12,0.80
-60,14,24,12,0.80
-60,14,24,12,0.80
-59,14,24,13,0.80
-59,14,24,13,0.80
-59,14,24,13,0.80
-62,14,24,14,0.80
-62,14,24,14,0.80
-62,14,24,14,0.80
-59,14,24,15,0.80
-59,14,24,15,0.80
-59,14,24,15,0.80
-61,14,24,16,0.80
-61,14,24,16,0.80
-61,14,24,16,0.80
-68,14,24,16,0.80
-68,14,24,16,0.80
-68,14,24,16,0.80
-59,14,24,17,0.80
-59,14,24,17,0.80
-59,14,24,17,0.80
-61,14,24,18,0.80
-61,14,24,18,0.80
-61,14,24,18,0.80
-68,14,24,18,0.80
-68,14,24,18,0.80
-68,14,24,18,0.80
-59,14,24,19,0.80
-59,14,24,19,0.80
-59,14,24,19,0.80
-61,14,24,20,0.80
-61,14,24,20,0.80
-61,14,24,20,0.80
-61,14,24,20,0.80
-61,14,24,20,0.80
-61,14,24,21,0.80
-61,14,24,21,0.80
-61,14,24,21,0.80
-61,14,24,21,0.80
-61,14,24,22,0.80
-61,14,24,22,0.80
-61,14,24,22,0.80
-61,14,24,23,0.80
-61,14,24,23,0.80
-61,14,24,23,0.80
-61,14,24,24,0.80
-61,14,24,24,0.80
-61,14,24,24,0.80
-70,14,24,26,0.80
-70,14,24,26,0.80
-70,14,24,26,0.80
-61,14,24,26,0.80
-61,14,24,26,0.80
-61,14,24,26,0.80
-61,14,24,27,0.80
-61,14,24,27,0.80
-61,14,24,27,0.80
-58,14,24,28,0.80
-58,14,24,28,0.80
-58,14,24,28,0.80
-58,14,24,29,0.80
-58,14,24,29,0.80
-58,14,24,29,0.80
-69,14,24,30,0.80
-69,14,24,30,0.80
-69,14,24,30,0.80
-59,14,24,30,0.80
-59,14,24,30,0.80
-59,14,24,30,0.80
-61,14,24,31,0.80
-61,14,24,31,0.80
-61,14,24,31,0.80
-59,14,24,32,0.80
-59,14,24,32,0.80
-59,14,24,32,0.80
-62,14,24,32,0.80
-62,14,24,32,0.80
-62,14,24,32,0.80
-61,14,24,33,0.80
-61,14,24,33,0.80
-61,14,24,33,0.80
-69,14,24,33,0.80
-69,14,24,33,0.80
-69,14,24,33,0.80
-59,14,24,34,0.80
-59,14,24,34,0.80
-59,14,24,34,0.80
-61,14,24,36,0.80
-61,14,24,36,0.80
-61,14,24,36,0.80
-69,14,24,36,0.80
-69,14,24,36,0.80
-69,14,24,36,0.80
-59,14,24,37,0.80
-59,14,24,37,0.80
-59,14,24,37,0.80
-67,14,24,38,0.80
-67,14,24,38,0.80
-67,14,24,38,0.80
-59,14,24,38,0.80
-59,14,24,38,0.80
-59,14,24,38,0.80
-70,14,24,39,0.80
-70,14,24,39,0.80
-70,14,24,39,0.80
-61,14,24,40,0.80
-61,14,24,40,0.80
-61,14,24,40,0.80
-59,14,24,40,0.80
-59,14,24,40,0.80
-59,14,24,40,0.80
-70,14,24,42,0.80
-70,14,24,42,0.80
-70,14,24,42,0.80
-61,14,24,43,0.80
-61,14,24,43,0.80
-61,14,24,43,0.80
-61,14,24,43,0.80
-61,14,24,43,0.80
-61,14,24,43,0.80
-70,14,24,44,0.80
-70,14,24,44,0.80
-70,14,24,44,0.80
-61,14,24,44,0.80
-61,14,24,44,0.80
-61,14,24,44,0.80
-62,14,24,45,0.80
-62,14,24,45,0.80
-62,14,24,45,0.80
-61,14,24,46,0.80
-61,14,24,46,0.80
-61,14,24,46,0.80
-69,14,24,47,0.80
-69,14,24,47,0.80
-69,14,24,47,0.80
-61,14,24,47,0.80
-61,14,24,47,0.80
-61,14,24,47,0.80
-58,14,24,48,0.80
-58,14,24,48,0.80
-58,14,24,48,0.80
-59,14,24,49,0.80
-59,14,24,49,0.80
-59,14,24,49,0.80
-61,14,24,50,0.80
-61,14,24,50,0.80
-61,14,24,50,0.80
-61,14,24,51,0.80
-61,14,24,51,0.80
-61,14,24,51,0.80
-68,14,24,52,0.80
-68,14,24,52,0.80
-68,14,24,52,0.80
-61,14,24,53,0.80
-61,14,24,53,0.80
-61,14,24,53,0.80
-61,14,24,54,0.80
-61,14,24,54,0.80
-61,14,24,54,0.80
-70,14,24,54,0.80
-70,14,24,54,0.80
-70,14,24,54,0.80
-61,14,24,55,0.80
-61,14,24,55,0.80
-61,14,24,55,0.80
-59,14,24,55,0.80
-59,14,24,55,0.80
-59,14,24,55,0.80
-61,14,24,56,0.80
-61,14,24,56,0.80
-61,14,24,56,0.80
-69,14,24,56,0.80
-69,14,24,56,0.80
-69,14,24,56,0.80
-67,14,24,57,0.80
-67,14,24,57,0.80
-67,14,24,57,0.80
-67,14,24,58,0.80
-67,14,24,58,0.80
-67,14,24,58,0.80
-59,14,24,59,0.80
-59,14,24,59,0.80
-59,14,24,59,0.80
-62,14,24,59,0.80
-62,14,24,59,0.80
-62,14,24,59,0.80
-62,14,25,00,0.80
-62,14,25,00,0.80
-62,14,25,00,0.80
-59,14,25,01,0.80
-59,14,25,01,0.80
-59,14,25,01,0.80
-61,14,25,01,0.80
-61,14,25,01,0.80
-61,14,25,01,0.80
-60,14,25,02,0.80
-60,14,25,02,0.80
-60,14,25,02,0.80
-67,14,25,03,0.80
-67,14,25,03,0.80
-67,14,25,03,0.80
-59,14,25,03,0.80
-59,14,25,03,0.80
-59,14,25,03,0.80
-67,14,25,04,0.80
-67,14,25,04,0.80
-67,14,25,04,0.80
-59,14,25,05,0.80
-59,14,25,05,0.80
-59,14,25,05,0.80
-67,14,25,06,0.80
-67,14,25,06,0.80
-67,14,25,06,0.80
-59,14,25,06,0.80
-59,14,25,06,0.80
-59,14,25,06,0.80
-59,14,25,07,0.80
-59,14,25,07,0.80
-59,14,25,07,0.80
-67,14,25,08,0.80
-67,14,25,08,0.80
-67,14,25,08,0.80
-59,14,25,08,0.80
-59,14,25,08,0.80
-59,14,25,08,0.80
-59,14,25,09,0.80
-59,14,25,09,0.80
-59,14,25,09,0.80
-67,14,25,09,0.80
-67,14,25,09,0.80
-67,14,25,09,0.80
-67,14,25,10,0.80
-67,14,25,10,0.80
-67,14,25,10,0.80
-59,14,25,11,0.80
-59,14,25,11,0.80
-59,14,25,11,0.80
-67,14,25,11,0.80
-67,14,25,11,0.80
-67,14,25,11,0.80
-60,14,25,13,0.80
-60,14,25,13,0.80
-60,14,25,13,0.80
-59,14,25,13,0.80
-59,14,25,13,0.80
-59,14,25,13,0.80
-58,14,25,14,0.80
-58,14,25,14,0.80
-58,14,25,14,0.80
-61,14,25,15,0.80
-61,14,25,15,0.80
-61,14,25,15,0.80
-66,14,25,15,0.80
-66,14,25,15,0.80
-66,14,25,15,0.80
-60,14,25,16,0.80
-60,14,25,16,0.80
-60,14,25,16,0.80
-65,14,25,17,0.80
-65,14,25,17,0.80
-65,14,25,17,0.80
-59,14,25,18,0.80
-59,14,25,18,0.80
-59,14,25,18,0.80
-59,14,25,20,0.80
-59,14,25,20,0.80
-59,14,25,20,0.80
-61,14,25,20,0.80
-61,14,25,20,0.80
-61,14,25,20,0.80
-65,14,25,21,0.80
-65,14,25,21,0.80
-65,14,25,21,0.80
-58,14,25,22,0.80
-58,14,25,22,0.80
-58,14,25,22,0.80
-60,14,25,23,0.80
-60,14,25,23,0.80
-60,14,25,23,0.80
-58,14,25,23,0.80
-58,14,25,23,0.80
-58,14,25,23,0.80
-60,14,25,24,0.80
-60,14,25,24,0.80
-60,14,25,24,0.80
-65,14,25,25,0.80
-65,14,25,25,0.80
-65,14,25,25,0.80
-65,14,25,26,0.80
-65,14,25,26,0.80
-65,14,25,26,0.80
-61,14,25,26,0.80
-61,14,25,26,0.80
-61,14,25,26,0.80
-58,14,25,28,0.80
-58,14,25,28,0.80
-58,14,25,28,0.80
-69,14,25,28,0.80
-69,14,25,28,0.80
-69,14,25,28,0.80
-61,14,25,29,0.80
-61,14,25,29,0.80
-61,14,25,29,0.80
-58,14,25,30,0.80
-58,14,25,30,0.80
-58,14,25,30,0.80
-62,14,25,30,0.80
-62,14,25,30,0.80
-62,14,25,30,0.80
-62,14,25,32,0.80
-62,14,25,32,0.80
-62,14,25,32,0.80
-61,14,25,32,0.80
-61,14,25,32,0.80
-61,14,25,32,0.80
-59,14,25,33,0.80
-59,14,25,33,0.80
-59,14,25,33,0.80
-67,14,25,34,0.80
-67,14,25,34,0.80
-67,14,25,34,0.80
-60,14,25,34,0.80
-60,14,25,34,0.80
-60,14,25,34,0.80
-69,14,25,35,0.80
-69,14,25,35,0.80
-69,14,25,35,0.80
-58,14,25,36,0.80
-58,14,25,36,0.80
-58,14,25,36,0.80
-70,14,25,36,0.80
-70,14,25,36,0.80
-70,14,25,36,0.80
-59,14,30,37,1.00
-59,14,30,37,1.00
-64,14,30,38,1.00
-64,14,30,38,1.00
-60,14,30,38,1.00
-60,14,30,38,1.00
-62,14,30,40,1.00
-62,14,30,40,1.00
-67,14,30,41,1.00
-67,14,30,41,1.00
-68,14,30,41,1.00
-68,14,30,41,1.00
-63,14,30,43,1.00
-63,14,30,43,1.00
-61,14,30,44,1.00
-61,14,30,44,1.00
-62,14,30,45,1.00
-62,14,30,45,1.00
-67,14,30,46,1.00
-67,14,30,46,1.00
-65,14,30,47,1.00
-65,14,30,47,1.00
-61,14,30,48,1.00
-61,14,30,48,1.00
-68,14,30,49,1.00
-68,14,30,49,1.00
-67,14,30,50,1.00
-67,14,30,50,1.00
-62,14,30,51,1.00
-62,14,30,51,1.00
-63,14,30,52,1.00
-63,14,30,52,1.00
-63,14,30,53,1.00
-63,14,30,53,1.00
-61,14,30,53,1.00
-61,14,30,53,1.00
-62,14,30,55,1.00
-62,14,30,55,1.00
-68,14,30,56,1.00
-68,14,30,56,1.00
-67,14,30,57,1.00
-67,14,30,57,1.00
-62,14,30,58,1.00
-62,14,30,58,1.00
-60,14,30,59,1.00
-60,14,30,59,1.00
-69,14,31,00,1.00
-69,14,31,00,1.00
-62,14,31,01,1.00
-62,14,31,01,1.00
-69,14,31,02,1.00
-69,14,31,02,1.00
-68,14,31,03,1.00
-68,14,31,03,1.00
-68,14,31,04,1.00
-68,14,31,04,1.00
-69,14,31,06,1.00
-69,14,31,06,1.00
-62,14,31,07,1.00
-62,14,31,07,1.00
-62,14,31,07,1.00
-62,14,31,07,1.00
-62,14,31,08,1.00
-62,14,31,08,1.00
-62,14,31,09,1.00
-62,14,31,09,1.00
-63,14,31,10,1.00
-63,14,31,10,1.00
-63,14,31,11,1.00
-63,14,31,11,1.00
-63,14,31,12,1.00
-63,14,31,12,1.00
-70,14,31,13,1.00
-70,14,31,13,1.00
-61,14,31,14,1.00
-61,14,31,14,1.00
-61,14,31,14,1.00
-61,14,31,14,1.00
-68,14,31,16,1.00
-68,14,31,16,1.00
-62,14,31,16,1.00
-62,14,31,16,1.00
-69,14,31,17,1.00
-69,14,31,17,1.00
-69,14,31,18,1.00
-69,14,31,18,1.00
-62,14,31,20,1.00
-62,14,31,20,1.00
-62,14,31,21,1.00
-62,14,31,21,1.00
-69,14,31,22,1.00
-69,14,31,22,1.00
-62,14,31,23,1.00
-62,14,31,23,1.00
-62,14,31,23,1.00
-62,14,31,23,1.00
-61,14,31,24,1.00
-61,14,31,24,1.00
-69,14,31,25,1.00
-69,14,31,25,1.00
-63,14,31,26,1.00
-63,14,31,26,1.00
-68,14,31,27,1.00
-68,14,31,27,1.00
-61,14,31,28,1.00
-61,14,31,28,1.00
-61,14,31,29,1.00
-61,14,31,29,1.00
-61,14,31,29,1.00
-61,14,31,29,1.00
-62,14,31,31,1.00
-62,14,31,31,1.00
-62,14,31,31,1.00
-62,14,31,31,1.00
-70,14,31,32,1.00
-70,14,31,32,1.00
-63,14,31,33,1.00
-63,14,31,33,1.00
-62,14,31,34,1.00
-62,14,31,34,1.00
-62,14,31,35,1.00
-62,14,31,35,1.00
-71,14,31,36,1.00
-71,14,31,36,1.00
-61,14,31,37,1.00
-61,14,31,37,1.00
-61,14,31,37,1.00
-61,14,31,37,1.00
-62,14,31,38,1.00
-62,14,31,38,1.00
-63,14,31,39,1.00
-63,14,31,39,1.00
-61,14,31,40,1.00
-61,14,31,40,1.00
-70,14,31,41,1.00
-70,14,31,41,1.00
-62,14,31,41,1.00
-62,14,31,41,1.00
-61,14,31,42,1.00
-61,14,31,42,1.00
-61,14,31,44,1.00
-61,14,31,44,1.00
-70,14,31,45,1.00
-70,14,31,45,1.00
-61,14,31,46,1.00
-61,14,31,46,1.00
-70,14,31,48,1.00
-70,14,31,48,1.00
-62,14,31,48,1.00
-62,14,31,49,1.00
-70,14,31,49,1.00
-70,14,31,49,1.00
-61,14,31,49,1.00
-61,14,31,49,1.00
-69,14,31,51,1.00
-69,14,31,51,1.00
-61,14,31,51,1.00
-61,14,31,51,1.00
-62,14,31,52,1.00
-62,14,31,52,1.00
-70,14,31,53,1.00
-70,14,31,53,1.00
-62,14,31,54,1.00
-62,14,31,54,1.00
-70,14,31,55,1.00
-70,14,31,55,1.00
-61,14,31,56,1.00
-61,14,31,56,1.00
-62,14,31,57,1.00
-62,14,31,57,1.00
-61,14,31,58,1.00
-61,14,31,58,1.00
-63,14,31,59,1.00
-63,14,31,59,1.00
-70,14,31,59,1.00
-70,14,31,59,1.00
-61,14,32,00,1.00
-61,14,32,00,1.00
-62,14,32,01,1.00
-62,14,32,01,1.00
-70,14,32,02,1.00
-70,14,32,02,1.00
-62,14,32,03,1.00
-62,14,32,03,1.00
-62,14,32,04,1.00
-62,14,32,04,1.00
-62,14,32,04,1.00
-62,14,32,04,1.00
-69,14,32,05,1.00
-69,14,32,05,1.00
-62,14,32,08,1.00
-62,14,32,08,1.00
-69,14,32,08,1.00
-69,14,32,08,1.00
-69,14,32,09,1.00
-69,14,32,09,1.00
-62,14,32,10,1.00
-62,14,32,10,1.00
-61,14,32,11,1.00
-61,14,32,11,1.00
-68,14,32,12,1.00
-68,14,32,12,1.00
-62,14,32,13,1.00
-62,14,32,13,1.00
-68,14,32,14,1.00
-68,14,32,14,1.00
-61,14,32,15,1.00
-61,14,32,15,1.00
-68,14,32,15,1.00
-68,14,32,15,1.00
-62,14,32,16,1.00
-62,14,32,16,1.00
-69,14,32,17,1.00
-69,14,32,17,1.00
-69,14,32,17,1.00
-69,14,32,17,1.00
-61,14,32,19,1.00
-61,14,32,19,1.00
-62,14,32,20,1.00
-62,14,32,20,1.00
-69,14,32,21,1.00
-69,14,32,21,1.00
-68,14,32,21,1.00
-68,14,32,21,1.00
-61,14,32,22,1.00
-61,14,32,22,1.00
-62,14,32,23,1.00
-62,14,32,23,1.00
-62,14,32,23,1.00
-62,14,32,23,1.00
-62,14,32,24,1.00
-62,14,32,24,1.00
-68,14,32,25,1.00
-68,14,32,25,1.00
-62,14,32,26,1.00
-62,14,32,26,1.00
-62,14,32,27,1.00
-62,14,32,27,1.00
-62,14,32,27,1.00
-62,14,32,27,1.00
-68,14,32,28,1.00
-68,14,32,28,1.00
-68,14,32,30,1.00
-68,14,32,30,1.00
-61,14,32,31,1.00
-61,14,32,31,1.00
-69,14,32,32,1.00
-69,14,32,32,1.00
-68,14,32,32,1.00
-68,14,32,32,1.00
-68,14,32,33,1.00
-68,14,32,33,1.00
-68,14,32,35,1.00
-68,14,32,35,1.00
-68,14,32,36,1.00
-68,14,32,36,1.00
-68,14,32,36,1.00
-68,14,32,36,1.00
-61,14,32,38,1.00
-61,14,32,38,1.00
-69,14,32,38,1.00
-69,14,32,38,1.00
-68,14,32,39,1.00
-68,14,32,39,1.00
-61,14,32,40,1.00
-61,14,32,40,1.00
-61,14,32,40,1.00
-61,14,32,40,1.00
-61,14,32,41,1.00
-61,14,32,41,1.00
-68,14,32,43,1.00
-68,14,32,43,1.00
-62,14,32,44,1.00
-62,14,32,44,1.00
-62,14,32,44,1.00
-62,14,32,44,1.00
-62,14,32,46,1.00
-62,14,32,46,1.00
-67,14,32,47,1.00
-67,14,32,47,1.00
-62,14,32,48,1.00
-62,14,32,48,1.00
-62,14,32,49,1.00
-62,14,32,49,1.00
-62,14,32,50,1.00
-62,14,32,50,1.00
-62,14,32,51,1.00
-62,14,32,51,1.00
-67,14,32,52,1.00
-67,14,32,52,1.00
-67,14,32,53,1.00
-67,14,32,53,1.00
-61,14,32,54,1.00
-61,14,32,54,1.00
-67,14,32,55,1.00
-67,14,32,55,1.00
-67,14,32,56,1.00
-67,14,32,56,1.00
-62,14,32,57,1.00
-62,14,32,57,1.00
-62,14,32,58,1.00
-62,14,32,58,1.00
-62,14,32,59,1.00
-62,14,32,59,1.00
-66,14,33,00,1.00
-66,14,33,00,1.00
-62,14,33,02,1.00
-62,14,33,02,1.00
-62,14,33,02,1.00
-62,14,33,02,1.00
-67,14,33,04,1.00
-67,14,33,04,1.00
-62,14,33,04,1.00
-62,14,33,04,1.00
-68,14,33,05,1.00
-68,14,33,05,1.00
-69,14,33,07,1.00
-69,14,33,07,1.00
-62,14,33,08,1.00
-62,14,33,08,1.00
-62,14,33,09,1.00
-62,14,33,09,1.00
-62,14,33,10,1.00
-62,14,33,10,1.00
-62,14,33,11,1.00
-62,14,33,11,1.00
-62,14,33,11,1.00
-62,14,33,11,1.00
-63,14,33,12,1.00
-63,14,33,12,1.00
-63,14,33,13,1.00
-63,14,33,13,1.00
-69,14,33,14,1.00
-69,14,33,14,1.00
-62,14,33,15,1.00
-62,14,33,15,1.00
-62,14,33,16,1.00
-62,14,33,16,1.00
-62,14,33,17,1.00
-62,14,33,17,1.00
-68,14,33,18,1.00
-68,14,33,18,1.00
-70,14,33,19,1.00
-70,14,33,19,1.00
-62,14,33,20,1.00
-62,14,33,20,1.00
-63,14,33,20,1.00
-63,14,33,20,1.00
-62,14,33,22,1.00
-62,14,33,22,1.00
-62,14,33,23,1.00
-62,14,33,23,1.00
-62,14,33,23,1.00
-62,14,33,23,1.00
-62,14,33,24,1.00
-62,14,33,24,1.00
-70,14,33,26,1.00
-70,14,33,26,1.00
-69,14,33,27,1.00
-69,14,33,27,1.00
-68,14,33,28,1.00
-68,14,33,28,1.00
-61,14,33,29,1.00
-61,14,33,29,1.00
-62,14,33,30,1.00
-62,14,33,30,1.00
-62,14,33,31,1.00
-62,14,33,31,1.00
-62,14,33,32,1.00
-62,14,33,32,1.00
-61,14,33,33,1.00
-61,14,33,33,1.00
-68,14,33,34,1.00
-68,14,33,34,1.00
-69,14,33,35,1.00
-69,14,33,35,1.00
-70,14,33,36,1.00
-70,14,33,36,1.00
-62,14,33,36,1.00
-62,14,33,37,1.00
-61,14,33,37,1.00
-61,14,33,37,1.00
-69,14,33,38,1.00
-69,14,33,38,1.00
-73,14,33,39,1.00
-73,14,33,39,1.00
-68,14,33,40,1.00
-68,14,33,40,1.00
-62,14,33,40,1.00
-62,14,33,40,1.00
-62,14,33,42,1.00
-62,14,33,42,1.00
-62,14,33,42,1.00
-62,14,33,42,1.00
-61,14,33,43,1.00
-61,14,33,43,1.00
-69,14,33,44,1.00
-69,14,33,44,1.00
-63,14,33,45,1.00
-63,14,33,45,1.00
-62,14,33,46,1.00
-62,14,33,46,1.00
-61,14,33,47,1.00
-61,14,33,47,1.00
-62,14,33,47,1.00
-62,14,33,47,1.00
-63,14,33,49,1.00
-63,14,33,49,1.00
-62,14,33,50,1.00
-62,14,33,50,1.00
-68,14,33,51,1.00
-68,14,33,51,1.00
-62,14,33,52,1.00
-62,14,33,52,1.00
-62,14,33,53,1.00
-62,14,33,53,1.00
-63,14,33,54,1.00
-63,14,33,54,1.00
-66,14,33,55,1.00
-66,14,33,55,1.00
-62,14,33,56,1.00
-62,14,33,56,1.00
-63,14,33,57,1.00
-63,14,33,57,1.00
-65,14,33,59,1.00
-65,14,33,59,1.00
-62,14,34,00,1.00
-62,14,34,00,1.00
-61,14,34,01,1.00
-61,14,34,01,1.00
-68,14,34,02,1.00
-68,14,34,02,1.00
-61,14,34,04,1.00
-61,14,34,04,1.00
-62,14,34,05,1.00
-62,14,34,05,1.00
-62,14,36,31,2.00
-62,14,36,31,2.00
-62,14,36,31,2.00
-62,14,36,31,2.00
-74,14,36,32,2.00
-74,14,36,32,2.00
-63,14,36,32,2.00
-63,14,36,32,2.00
-64,14,36,33,2.00
-64,14,36,33,2.00
-63,14,36,34,2.00
-63,14,36,34,2.00
-61,14,36,35,2.00
-61,14,36,35,2.00
-64,14,36,36,2.00
-64,14,36,36,2.00
-64,14,36,37,2.00
-64,14,36,37,2.00
-64,14,36,37,2.00
-64,14,36,37,2.00
-71,14,36,38,2.00
-71,14,36,38,2.00
-71,14,36,39,2.00
-71,14,36,39,2.00
-71,14,36,39,2.00
-71,14,36,39,2.00
-64,14,36,40,2.00
-64,14,36,40,2.00
-71,14,36,41,2.00
-71,14,36,41,2.00
-71,14,36,41,2.00
-71,14,36,41,2.00
-71,14,36,42,2.00
-71,14,36,42,2.00
-64,14,36,43,2.00
-64,14,36,43,2.00
-64,14,36,44,2.00
-64,14,36,44,2.00
-64,14,36,44,2.00
-64,14,36,44,2.00
-73,14,36,44,2.00
-73,14,36,44,2.00
-63,14,36,46,2.00
-63,14,36,46,2.00
-64,14,36,46,2.00
-64,14,36,46,2.00
-64,14,36,47,2.00
-64,14,36,47,2.00
-63,14,36,48,2.00
-63,14,36,48,2.00
-75,14,36,49,2.00
-75,14,36,49,2.00
-63,14,36,50,2.00
-63,14,36,50,2.00
-62,14,36,50,2.00
-62,14,36,50,2.00
-64,14,36,51,2.00
-64,14,36,51,2.00
-75,14,36,52,2.00
-75,14,36,52,2.00
-75,14,36,53,2.00
-75,14,36,53,2.00
-63,14,36,53,2.00
-63,14,36,53,2.00
-63,14,36,55,2.00
-63,14,36,55,2.00
-75,14,36,56,2.00
-75,14,36,56,2.00
-63,14,36,57,2.00
-63,14,36,57,2.00
-63,14,36,58,2.00
-63,14,36,58,2.00
-63,14,36,58,2.00
-63,14,36,58,2.00
-63,14,36,59,2.00
-63,14,36,59,2.00
-74,14,37,00,2.00
-74,14,37,00,2.00
-74,14,37,01,2.00
-74,14,37,01,2.00
-74,14,37,02,2.00
-74,14,37,02,2.00
-63,14,37,03,2.00
-63,14,37,03,2.00
-62,14,37,04,2.00
-62,14,37,04,2.00
-73,14,37,05,2.00
-73,14,37,05,2.00
-63,14,37,06,2.00
-63,14,37,06,2.00
-64,14,37,07,2.00
-64,14,37,07,2.00
-71,14,37,08,2.00
-71,14,37,08,2.00
-72,14,37,09,2.00
-72,14,37,09,2.00
-63,14,37,10,2.00
-63,14,37,10,2.00
-63,14,37,11,2.00
-63,14,37,11,2.00
-71,14,37,12,2.00
-71,14,37,12,2.00
-63,14,37,13,2.00
-63,14,37,13,2.00
-63,14,37,14,2.00
-63,14,37,14,2.00
-62,14,37,15,2.00
-62,14,37,15,2.00
-64,14,37,15,2.00
-64,14,37,15,2.00
-71,14,37,16,2.00
-71,14,37,16,2.00
-71,14,37,17,2.00
-71,14,37,17,2.00
-63,14,37,18,2.00
-63,14,37,18,2.00
-63,14,37,19,2.00
-63,14,37,19,2.00
-63,14,37,19,2.00
-63,14,37,19,2.00
-71,14,37,20,2.00
-71,14,37,20,2.00
-63,14,37,21,2.00
-63,14,37,21,2.00
-70,14,37,22,2.00
-70,14,37,22,2.00
-63,14,37,24,2.00
-63,14,37,24,2.00
-71,14,37,25,2.00
-71,14,37,25,2.00
-63,14,37,26,2.00
-63,14,37,26,2.00
-70,14,37,26,2.00
-70,14,37,26,2.00
-70,14,37,27,2.00
-70,14,37,27,2.00
-70,14,37,28,2.00
-70,14,37,28,2.00
-70,14,37,29,2.00
-70,14,37,29,2.00
-64,14,37,30,2.00
-64,14,37,30,2.00
-71,14,37,30,2.00
-71,14,37,30,2.00
-71,14,37,31,2.00
-71,14,37,31,2.00
-63,14,37,32,2.00
-63,14,37,32,2.00
-63,14,37,33,2.00
-63,14,37,33,2.00
-63,14,37,33,2.00
-63,14,37,33,2.00
-63,14,37,35,2.00
-63,14,37,35,2.00
-73,14,37,35,2.00
-73,14,37,35,2.00
-62,14,37,36,2.00
-62,14,37,36,2.00
-73,14,37,37,2.00
-73,14,37,37,2.00
-62,14,37,38,2.00
-62,14,37,38,2.00
-73,14,37,38,2.00
-73,14,37,38,2.00
-62,14,37,39,2.00
-62,14,37,39,2.00
-63,14,37,40,2.00
-63,14,37,40,2.00
-62,14,37,41,2.00
-62,14,37,41,2.00
-73,14,37,42,2.00
-73,14,37,42,2.00
-73,14,37,43,2.00
-73,14,37,43,2.00
-62,14,37,44,2.00
-62,14,37,44,2.00
-73,14,37,45,2.00
-73,14,37,45,2.00
-63,14,37,46,2.00
-63,14,37,46,2.00
-74,14,37,46,2.00
-74,14,37,46,2.00
-62,14,37,48,2.00
-62,14,37,48,2.00
-73,14,37,49,2.00
-73,14,37,49,2.00
-62,14,37,49,2.00
-62,14,37,49,2.00
-71,14,37,50,2.00
-71,14,37,50,2.00
-63,14,37,50,2.00
-63,14,37,50,2.00
-72,14,37,51,2.00
-72,14,37,51,2.00
-71,14,37,52,2.00
-71,14,37,52,2.00
-62,14,37,53,2.00
-62,14,37,53,2.00
-63,14,37,54,2.00
-63,14,37,54,2.00
-73,14,37,55,2.00
-73,14,37,55,2.00
-62,14,37,56,2.00
-62,14,37,56,2.00
-63,14,37,57,2.00
-63,14,37,57,2.00
-63,14,37,57,2.00
-63,14,37,57,2.00
-64,14,37,58,2.00
-64,14,37,58,2.00
-63,14,37,59,2.00
-63,14,37,59,2.00
-63,14,38,00,2.00
-63,14,38,00,2.00
-72,14,38,00,2.00
-72,14,38,00,2.00
-71,14,38,01,2.00
-71,14,38,01,2.00
-63,14,38,02,2.00
-63,14,38,02,2.00
-72,14,38,03,2.00
-72,14,38,03,2.00
-62,14,38,04,2.00
-62,14,38,04,2.00
-71,14,38,05,2.00
-71,14,38,05,2.00
-63,14,38,06,2.00
-63,14,38,06,2.00
-62,14,38,07,2.00
-62,14,38,07,2.00
-64,14,38,07,2.00
-64,14,38,07,2.00
-63,14,38,08,2.00
-63,14,38,08,2.00
-72,14,38,09,2.00
-72,14,38,09,2.00
-72,14,38,10,2.00
-72,14,38,10,2.00
-71,14,38,11,2.00
-71,14,38,11,2.00
-63,14,38,12,2.00
-63,14,38,12,2.00
-62,14,38,13,2.00
-62,14,38,13,2.00
-72,14,38,14,2.00
-72,14,38,14,2.00
-63,14,38,15,2.00
-63,14,38,15,2.00
-62,14,38,16,2.00
-62,14,38,16,2.00
-71,14,38,16,2.00
-71,14,38,16,2.00
-63,14,38,17,2.00
-63,14,38,17,2.00
-63,14,38,18,2.00
-63,14,38,18,2.00
-62,14,38,19,2.00
-62,14,38,19,2.00
-72,14,38,19,2.00
-72,14,38,19,2.00
-63,14,38,21,2.00
-63,14,38,21,2.00
-71,14,38,21,2.00
-71,14,38,21,2.00
-63,14,38,22,2.00
-63,14,38,22,2.00
-63,14,38,22,2.00
-63,14,38,22,2.00
-63,14,38,23,2.00
-63,14,38,23,2.00
-72,14,38,24,2.00
-72,14,38,24,2.00
-63,14,38,25,2.00
-63,14,38,25,2.00
-63,14,38,25,2.00
-63,14,38,25,2.00
-63,14,38,27,2.00
-63,14,38,27,2.00
-64,14,38,27,2.00
-64,14,38,27,2.00
-72,14,38,30,2.00
-72,14,38,30,2.00
-63,14,38,30,2.00
-63,14,38,30,2.00
-72,14,38,32,2.00
-72,14,38,32,2.00
-62,14,38,32,2.00
-62,14,38,32,2.00
-62,14,38,33,2.00
-62,14,38,33,2.00
-63,14,38,33,2.00
-63,14,38,33,2.00
-62,14,38,34,2.00
-62,14,38,34,2.00
-63,14,38,35,2.00
-63,14,38,35,2.00
-62,14,38,36,2.00
-62,14,38,36,2.00
-62,14,38,37,2.00
-62,14,38,37,2.00
-64,14,38,38,2.00
-64,14,38,38,2.00
-70,14,38,39,2.00
-70,14,38,39,2.00
-69,14,38,39,2.00
-69,14,38,39,2.00
-64,14,38,40,2.00
-64,14,38,40,2.00
-64,14,38,41,2.00
-64,14,38,41,2.00
-64,14,38,42,2.00
-64,14,38,42,2.00
-63,14,38,42,2.00
-63,14,38,42,2.00
-64,14,38,43,2.00
-64,14,38,43,2.00
-68,14,38,44,2.00
-68,14,38,44,2.00
-68,14,38,44,2.00
-68,14,38,44,2.00
-70,14,38,45,2.00
-70,14,38,45,2.00
-64,14,38,46,2.00
-64,14,38,46,2.00
-65,14,38,47,2.00
-65,14,38,47,2.00
-64,14,38,48,2.00
-64,14,38,48,2.00
-64,14,38,48,2.00
-64,14,38,48,2.00
-70,14,38,49,2.00
-70,14,38,49,2.00
-63,14,38,50,2.00
-63,14,38,50,2.00
-71,14,38,51,2.00
-71,14,38,51,2.00
-64,14,38,52,2.00
-64,14,38,52,2.00
-63,14,38,53,2.00
-63,14,38,53,2.00
-64,14,38,53,2.00
-64,14,38,53,2.00
-70,14,38,54,2.00
-70,14,38,54,2.00
-70,14,38,55,2.00
-70,14,38,55,2.00
-63,14,38,56,2.00
-63,14,38,56,2.00
-64,14,38,57,2.00
-64,14,38,57,2.00
-64,14,38,58,2.00
-64,14,38,58,2.00
-64,14,38,59,2.00
-64,14,38,59,2.00
-64,14,39,00,2.00
-64,14,39,00,2.00
-72,14,39,01,2.00
-72,14,39,01,2.00
-63,14,39,01,2.00
-63,14,39,01,2.00
-62,14,39,02,2.00
-62,14,39,02,2.00
-64,14,39,03,2.00
-64,14,39,03,2.00
-64,14,39,04,2.00
-64,14,39,04,2.00
-68,14,39,05,2.00
-68,14,39,05,2.00
-72,14,39,05,2.00
-72,14,39,05,2.00
-73,14,39,06,2.00
-73,14,39,06,2.00
-72,14,39,07,2.00
-72,14,39,07,2.00
-63,14,39,08,2.00
-63,14,39,08,2.00
-62,14,39,10,2.00
-62,14,39,10,2.00
-63,14,39,11,2.00
-63,14,39,11,2.00
-73,14,39,12,2.00
-73,14,39,12,2.00
-63,14,39,13,2.00
-63,14,39,13,2.00
-63,14,39,13,2.00
-63,14,39,13,2.00
-62,14,39,14,2.00
-62,14,39,14,2.00
-73,14,39,16,2.00
-73,14,39,16,2.00
-63,14,39,16,2.00
-63,14,39,16,2.00
-72,14,39,17,2.00
-72,14,39,17,2.00
-62,14,39,18,2.00
-62,14,39,18,2.00
-62,14,39,19,2.00
-62,14,39,19,2.00
-63,14,39,19,2.00
-63,14,39,19,2.00
-63,14,39,20,2.00
-63,14,39,20,2.00
-63,14,39,21,2.00
-63,14,39,21,2.00
-73,14,39,22,2.00
-73,14,39,22,2.00
-63,14,39,22,2.00
-63,14,39,22,2.00
-72,14,39,24,2.00
-72,14,39,24,2.00
-63,14,39,24,2.00
-63,14,39,24,2.00
-63,14,39,25,2.00
-63,14,39,25,2.00
-73,14,39,26,2.00
-73,14,39,26,2.00
-63,14,39,27,2.00
-63,14,39,27,2.00
-73,14,39,27,2.00
-73,14,39,27,2.00
-63,14,39,28,2.00
-63,14,39,28,2.00
-62,14,39,29,2.00
-62,14,39,29,2.00
-73,14,39,30,2.00
-73,14,39,30,2.00
-62,14,39,31,2.00
-62,14,39,31,2.00
-63,14,39,31,2.00
-63,14,39,31,2.00
-73,14,39,32,2.00
-73,14,39,32,2.00
-63,14,42,41,3.00
-63,14,42,41,3.00
-64,14,42,41,3.00
-64,14,42,41,3.00
-71,14,54,33,3.00
-71,14,54,33,3.00
-66,14,54,33,3.00
-66,14,54,33,3.00
-67,14,54,34,3.00
-67,14,54,34,3.00
-66,14,54,35,3.00
-66,14,54,35,3.00
-74,14,54,36,3.00
-74,14,54,36,3.00
-73,14,54,38,3.00
-73,14,54,38,3.00
-65,14,54,39,3.00
-65,14,54,39,3.00
-74,14,54,40,3.00
-74,14,54,40,3.00
-73,14,54,40,3.00
-73,14,54,40,3.00
-79,14,54,41,3.00
-79,14,54,41,3.00
-74,14,54,42,3.00
-74,14,54,42,3.00
-77,14,54,43,3.00
-77,14,54,43,3.00
-78,14,54,44,3.00
-78,14,54,44,3.00
-80,14,54,45,3.00
-80,14,54,45,3.00
-82,14,54,46,3.00
-82,14,54,46,3.00
-67,14,54,47,3.00
-67,14,54,47,3.00
-76,14,54,48,3.00
-76,14,54,48,3.00
-75,14,54,48,3.00
-75,14,54,48,3.00
-73,14,54,49,3.00
-73,14,54,49,3.00
-74,14,54,50,3.00
-74,14,54,50,3.00
-87,14,54,50,3.00
-87,14,54,50,3.00
-88,14,54,51,3.00
-88,14,54,51,3.00
-83,14,54,52,3.00
-83,14,54,52,3.00
-80,14,54,53,3.00
-80,14,54,53,3.00
-67,14,54,54,3.00
-67,14,54,54,3.00
-74,14,54,55,3.00
-74,14,54,55,3.00
-81,14,54,55,3.00
-81,14,54,55,3.00
-74,14,54,56,3.00
-74,14,54,56,3.00
-73,14,54,57,3.00
-73,14,54,57,3.00
-67,14,54,58,3.00
-67,14,54,58,3.00
-67,14,54,59,3.00
-67,14,54,59,3.00
-67,14,55,00,3.00
-67,14,55,00,3.00
-80,14,55,01,3.00
-80,14,55,01,3.00
-74,14,55,01,3.00
-74,14,55,01,3.00
-67,14,55,02,3.00
-67,14,55,02,3.00
-67,14,55,02,3.00
-67,14,55,02,3.00
-67,14,55,03,3.00
-67,14,55,03,3.00
-67,14,55,04,3.00
-67,14,55,04,3.00
-67,14,55,04,3.00
-67,14,55,04,3.00
-67,14,55,05,3.00
-67,14,55,05,3.00
-67,14,55,06,3.00
-67,14,55,06,3.00
-67,14,55,07,3.00
-67,14,55,07,3.00
-67,14,55,08,3.00
-67,14,55,08,3.00
-67,14,55,08,3.00
-67,14,55,08,3.00
-74,14,55,09,3.00
-74,14,55,09,3.00
-77,14,55,10,3.00
-77,14,55,10,3.00
-66,14,55,11,3.00
-66,14,55,11,3.00
-74,14,55,12,3.00
-74,14,55,12,3.00
-77,14,55,12,3.00
-77,14,55,12,3.00
-73,14,55,13,3.00
-73,14,55,13,3.00
-74,14,55,14,3.00
-74,14,55,14,3.00
-74,14,55,15,3.00
-74,14,55,15,3.00
-74,14,55,16,3.00
-74,14,55,16,3.00
-74,14,55,16,3.00
-74,14,55,16,3.00
-73,14,55,17,3.00
-73,14,55,17,3.00
-66,14,55,18,3.00
-66,14,55,18,3.00
-66,14,55,20,3.00
-66,14,55,20,3.00
-74,14,55,20,3.00
-74,14,55,20,3.00
-66,14,55,21,3.00
-66,14,55,21,3.00
-75,14,55,23,3.00
-75,14,55,23,3.00
-74,14,55,24,3.00
-74,14,55,24,3.00
-74,14,55,24,3.00
-74,14,55,24,3.00
-74,14,55,25,3.00
-74,14,55,25,3.00
-75,14,55,26,3.00
-75,14,55,26,3.00
-76,14,55,27,3.00
-76,14,55,27,3.00
-66,14,55,27,3.00
-66,14,55,27,3.00
-66,14,55,28,3.00
-66,14,55,28,3.00
-73,14,55,29,3.00
-73,14,55,29,3.00
-74,14,55,30,3.00
-74,14,55,30,3.00
-77,14,55,31,3.00
-77,14,55,31,3.00
-65,14,55,32,3.00
-65,14,55,32,3.00
-76,14,55,33,3.00
-76,14,55,33,3.00
-75,14,55,34,3.00
-75,14,55,34,3.00
-67,14,55,34,3.00
-67,14,55,34,3.00
-66,14,55,35,3.00
-66,14,55,35,3.00
-66,14,55,36,3.00
-66,14,55,36,3.00
-74,14,55,37,3.00
-74,14,55,37,3.00
-74,14,55,37,3.00
-74,14,55,37,3.00
-77,14,55,38,3.00
-77,14,55,38,3.00
-66,14,55,39,3.00
-66,14,55,39,3.00
-73,14,55,39,3.00
-73,14,55,39,3.00
-73,14,55,41,3.00
-73,14,55,41,3.00
-73,14,55,41,3.00
-73,14,55,41,3.00
-67,14,55,42,3.00
-67,14,55,42,3.00
-66,14,55,44,3.00
-66,14,55,44,3.00
-67,14,55,44,3.00
-67,14,55,44,3.00
-74,14,55,45,3.00
-74,14,55,45,3.00
-74,14,55,46,3.00
-74,14,55,46,3.00
-67,14,55,47,3.00
-67,14,55,47,3.00
-66,14,55,48,3.00
-66,14,55,48,3.00
-66,14,55,48,3.00
-66,14,55,48,3.00
-66,14,55,49,3.00
-66,14,55,49,3.00
-66,14,55,50,3.00
-66,14,55,50,3.00
-77,14,55,51,3.00
-77,14,55,51,3.00
-74,14,55,52,3.00
-74,14,55,52,3.00
-67,14,55,52,3.00
-67,14,55,52,3.00
-78,14,55,53,3.00
-78,14,55,53,3.00
-67,14,55,54,3.00
-67,14,55,54,3.00
-74,14,55,56,3.00
-74,14,55,56,3.00
-75,14,55,57,3.00
-75,14,55,57,3.00
-75,14,55,58,3.00
-75,14,55,58,3.00
-75,14,55,59,3.00
-75,14,55,59,3.00
-74,14,56,00,3.00
-74,14,56,00,3.00
-74,14,56,00,3.00
-74,14,56,00,3.00
-74,14,56,01,3.00
-74,14,56,01,3.00
-66,14,56,01,3.00
-66,14,56,01,3.00
-66,14,56,03,3.00
-66,14,56,03,3.00
-77,14,56,04,3.00
-77,14,56,04,3.00
-74,14,56,05,3.00
-74,14,56,05,3.00
-78,14,56,05,3.00
-78,14,56,05,3.00
-78,14,56,06,3.00
-78,14,56,06,3.00
-66,14,56,07,3.00
-66,14,56,07,3.00
-73,14,56,08,3.00
-73,14,56,08,3.00
-74,14,56,09,3.00
-74,14,56,09,3.00
-74,14,56,09,3.00
-74,14,56,09,3.00
-66,14,56,10,3.00
-66,14,56,10,3.00
-66,14,56,11,3.00
-66,14,56,11,3.00
-73,14,56,11,3.00
-73,14,56,11,3.00
-73,14,56,12,3.00
-73,14,56,12,3.00
-78,14,56,13,3.00
-78,14,56,13,3.00
-75,14,56,14,3.00
-75,14,56,14,3.00
-67,14,56,14,3.00
-67,14,56,14,3.00
-66,14,56,15,3.00
-66,14,56,15,3.00
-80,14,56,17,3.00
-80,14,56,17,3.00
-79,14,56,18,3.00
-79,14,56,18,3.00
-79,14,56,18,3.00
-79,14,56,18,3.00
-66,14,56,19,3.00
-66,14,56,19,3.00
-80,14,56,20,3.00
-80,14,56,20,3.00
-66,14,56,21,3.00
-66,14,56,21,3.00
-77,14,56,22,3.00
-77,14,56,22,3.00
-76,14,56,22,3.00
-76,14,56,22,3.00
-66,14,56,24,3.00
-66,14,56,24,3.00
-67,14,56,24,3.00
-67,14,56,24,3.00
-79,14,56,25,3.00
-79,14,56,25,3.00
-74,14,56,26,3.00
-74,14,56,26,3.00
-67,14,56,27,3.00
-67,14,56,27,3.00
-73,14,56,28,3.00
-73,14,56,28,3.00
-74,14,56,29,3.00
-74,14,56,29,3.00
-66,14,56,29,3.00
-66,14,56,29,3.00
-66,14,56,30,3.00
-66,14,56,30,3.00
-77,14,56,31,3.00
-77,14,56,31,3.00
-80,14,56,33,3.00
-80,14,56,33,3.00
-79,14,56,34,3.00
-79,14,56,34,3.00
-67,14,56,34,3.00
-67,14,56,34,3.00
-78,14,56,35,3.00
-78,14,56,35,3.00
-67,14,56,36,3.00
-67,14,56,36,3.00
-73,14,56,37,3.00
-73,14,56,37,3.00
-66,14,56,38,3.00
-66,14,56,38,3.00
-74,14,56,38,3.00
-74,14,56,38,3.00
-66,14,56,39,3.00
-66,14,56,39,3.00
-74,14,56,40,3.00
-74,14,56,40,3.00
-64,14,56,41,3.00
-64,14,56,41,3.00
-66,14,56,42,3.00
-66,14,56,42,3.00
-73,14,56,43,3.00
-73,14,56,43,3.00
-66,14,56,44,3.00
-66,14,56,44,3.00
-68,14,56,44,3.00
-68,14,56,44,3.00
-72,14,56,45,3.00
-72,14,56,45,3.00
-65,14,56,46,3.00
-65,14,56,46,3.00
-73,14,56,46,3.00
-73,14,56,46,3.00
-67,14,56,47,3.00
-67,14,56,47,3.00
-75,14,56,48,3.00
-75,14,56,48,3.00
-66,14,56,49,3.00
-66,14,56,49,3.00
-65,14,56,50,3.00
-65,14,56,50,3.00
-74,14,56,50,3.00
-74,14,56,50,3.00
-66,14,56,51,3.00
-66,14,56,51,3.00
-74,14,56,52,3.00
-74,14,56,52,3.00
-73,14,56,53,3.00
-73,14,56,53,3.00
-66,14,56,54,3.00
-66,14,56,54,3.00
-74,14,56,55,3.00
-74,14,56,55,3.00
-74,14,56,55,3.00
-74,14,56,55,3.00
-77,14,56,57,3.00
-77,14,56,57,3.00
-66,14,56,57,3.00
-66,14,56,57,3.00
-66,14,56,58,3.00
-66,14,56,58,3.00
-77,14,56,59,3.00
-77,14,56,59,3.00
-77,14,57,00,3.00
-77,14,57,00,3.00
-73,14,57,01,3.00
-73,14,57,01,3.00
-75,14,57,02,3.00
-75,14,57,02,3.00
-75,14,57,02,3.00
-75,14,57,02,3.00
-74,14,57,03,3.00
-74,14,57,03,3.00
-77,14,57,04,3.00
-77,14,57,04,3.00
-74,14,57,04,3.00
-74,14,57,04,3.00
-73,14,57,05,3.00
-73,14,57,05,3.00
-74,14,57,06,3.00
-74,14,57,06,3.00
-75,14,57,07,3.00
-75,14,57,07,3.00
-64,14,57,08,3.00
-64,14,57,08,3.00
-66,14,57,09,3.00
-66,14,57,09,3.00
-66,14,57,09,3.00
-66,14,57,09,3.00
-74,14,57,10,3.00
-74,14,57,10,3.00
-67,14,57,11,3.00
-67,14,57,11,3.00
-73,14,57,12,3.00
-73,14,57,12,3.00
-73,14,57,13,3.00
-73,14,57,13,3.00
-73,14,57,14,3.00
-73,14,57,14,3.00
-73,14,57,14,3.00
-73,14,57,14,3.00
-77,14,57,15,3.00
-77,14,57,15,3.00
-76,14,57,16,3.00
-76,14,57,16,3.00
-66,14,57,17,3.00
-66,14,57,17,3.00
-66,14,57,18,3.00
-66,14,57,18,3.00
-73,14,57,19,3.00
-73,14,57,19,3.00
-73,14,57,20,3.00
-73,14,57,20,3.00
-73,14,57,20,3.00
-73,14,57,20,3.00
-76,14,57,38,4.00
-76,14,57,38,4.00
-75,14,57,38,4.00
-75,14,57,38,4.00
-77,14,57,38,4.00
-77,14,57,38,4.00
-82,14,57,39,4.00
-82,14,57,39,4.00
-72,14,57,40,4.00
-72,14,57,40,4.00
-76,14,57,40,4.00
-76,14,57,40,4.00
-74,14,57,41,4.00
-74,14,57,41,4.00
-72,14,57,43,4.00
-72,14,57,43,4.00
-77,14,57,44,4.00
-77,14,57,44,4.00
-82,14,57,46,4.00
-82,14,57,46,4.00
-81,14,57,46,4.00
-81,14,57,46,4.00
-75,14,57,47,4.00
-75,14,57,47,4.00
-73,14,57,48,4.00
-73,14,57,48,4.00
-80,14,57,50,4.00
-80,14,57,50,4.00
-76,14,57,51,4.00
-76,14,57,51,4.00
-73,14,57,52,4.00
-73,14,57,52,4.00
-73,14,57,53,4.00
-73,14,57,53,4.00
-79,14,57,55,4.00
-79,14,57,55,4.00
-77,14,57,56,4.00
-77,14,57,56,4.00
-76,14,57,57,4.00
-76,14,57,57,4.00
-79,14,57,58,4.00
-79,14,57,58,4.00
-79,14,57,59,4.00
-79,14,57,59,4.00
-79,14,58,01,4.00
-79,14,58,01,4.00
-73,14,58,02,4.00
-73,14,58,02,4.00
-75,14,58,03,4.00
-75,14,58,03,4.00
-73,14,58,05,4.00
-73,14,58,05,4.00
-80,14,58,06,4.00
-80,14,58,06,4.00
-76,14,58,08,4.00
-76,14,58,08,4.00
-73,14,58,08,4.00
-73,14,58,08,4.00
-73,14,58,09,4.00
-73,14,58,09,4.00
-76,14,58,10,4.00
-76,14,58,10,4.00
-76,14,58,11,4.00
-76,14,58,11,4.00
-73,14,58,12,4.00
-73,14,58,12,4.00
-73,14,58,14,4.00
-73,14,58,14,4.00
-76,14,58,15,4.00
-76,14,58,15,4.00
-79,14,58,16,4.00
-79,14,58,16,4.00
-79,14,58,17,4.00
-79,14,58,17,4.00
-79,14,58,19,4.00
-79,14,58,19,4.00
-77,14,58,20,4.00
-77,14,58,20,4.00
-77,14,58,20,4.00
-77,14,58,20,4.00
-77,14,58,22,4.00
-77,14,58,22,4.00
-76,14,58,23,4.00
-76,14,58,23,4.00
-77,14,58,24,4.00
-77,14,58,24,4.00
-80,14,58,25,4.00
-80,14,58,25,4.00
-77,14,58,26,4.00
-77,14,58,26,4.00
-77,14,58,27,4.00
-77,14,58,27,4.00
-73,14,58,28,4.00
-73,14,58,28,4.00
-79,14,58,29,4.00
-79,14,58,29,4.00
-80,14,58,30,4.00
-80,14,58,30,4.00
-73,14,58,31,4.00
-73,14,58,31,4.00
-77,14,58,32,4.00
-77,14,58,32,4.00
-73,14,58,33,4.00
-73,14,58,33,4.00
-77,14,58,35,4.00
-77,14,58,35,4.00
-77,14,58,36,4.00
-77,14,58,36,4.00
-76,14,58,37,4.00
-76,14,58,37,4.00
-79,14,58,39,4.00
-79,14,58,39,4.00
-80,14,58,40,4.00
-80,14,58,40,4.00
-77,14,58,40,4.00
-77,14,58,40,4.00
-77,14,58,42,4.00
-77,14,58,42,4.00
-74,14,58,43,4.00
-74,14,58,43,4.00
-72,14,58,44,4.00
-72,14,58,44,4.00
-77,14,58,45,4.00
-77,14,58,45,4.00
-80,14,58,46,4.00
-80,14,58,46,4.00
-72,14,58,48,4.00
-72,14,58,48,4.00
-79,14,58,49,4.00
-79,14,58,49,4.00
-76,14,58,50,4.00
-76,14,58,50,4.00
-77,14,58,52,4.00
-77,14,58,52,4.00
-77,14,58,53,4.00
-77,14,58,53,4.00
-74,14,58,53,4.00
-74,14,58,53,4.00
-77,14,58,55,4.00
-77,14,58,55,4.00
-71,14,58,56,4.00
-71,14,58,56,4.00
-77,14,58,58,4.00
-77,14,58,58,4.00
-73,14,58,58,4.00
-73,14,58,58,4.00
-73,14,59,00,4.00
-73,14,59,00,4.00
-83,14,59,01,4.00
-83,14,59,01,4.00
-73,14,59,02,4.00
-73,14,59,02,4.00
-73,14,59,03,4.00
-73,14,59,03,4.00
-72,14,59,03,4.00
-72,14,59,03,4.00
-73,14,59,05,4.00
-73,14,59,05,4.00
-88,14,59,06,4.00
-88,14,59,06,4.00
-74,14,59,07,4.00
-74,14,59,07,4.00
-75,14,59,08,4.00
-75,14,59,08,4.00
-87,14,59,08,4.00
-87,14,59,08,4.00
-74,14,59,09,4.00
-74,14,59,09,4.00
-73,14,59,11,4.00
-73,14,59,11,4.00
-89,14,59,12,4.00
-89,14,59,12,4.00
-86,14,59,13,4.00
-86,14,59,13,4.00
-73,14,59,14,4.00
-73,14,59,14,4.00
-73,14,59,16,4.00
-73,14,59,16,4.00
-73,14,59,17,4.00
-73,14,59,17,4.00
-73,14,59,19,4.00
-73,14,59,19,4.00
-73,14,59,20,4.00
-73,14,59,20,4.00
-73,14,59,21,4.00
-73,14,59,21,4.00
-71,14,59,22,4.00
-71,14,59,22,4.00
-73,14,59,23,4.00
-73,14,59,23,4.00
-73,14,59,24,4.00
-73,14,59,24,4.00
-73,14,59,25,4.00
-73,14,59,25,4.00
-89,14,59,26,4.00
-89,14,59,26,4.00
-73,14,59,27,4.00
-73,14,59,27,4.00
-89,14,59,31,4.00
-89,14,59,31,4.00
-90,14,59,31,4.00
-90,14,59,31,4.00
-92,14,59,31,4.00
-92,14,59,31,4.00
-73,14,59,32,4.00
-73,14,59,32,4.00
-73,14,59,33,4.00
-73,14,59,33,4.00
-73,14,59,34,4.00
-73,14,59,34,4.00
-73,14,59,35,4.00
-73,14,59,35,4.00
-86,14,59,36,4.00
-86,14,59,36,4.00
-72,14,59,37,4.00
-72,14,59,37,4.00
-86,14,59,38,4.00
-86,14,59,38,4.00
-86,14,59,39,4.00
-86,14,59,39,4.00
-72,14,59,40,4.00
-72,14,59,40,4.00
-72,14,59,42,4.00
-72,14,59,42,4.00
-75,14,59,43,4.00
-75,14,59,43,4.00
-76,14,59,44,4.00
-76,14,59,44,4.00
-77,14,59,45,4.00
-77,14,59,45,4.00
-77,14,59,46,4.00
-77,14,59,46,4.00
-78,14,59,47,4.00
-78,14,59,47,4.00
-74,14,59,48,4.00
-74,14,59,48,4.00
-76,14,59,50,4.00
-76,14,59,50,4.00
-74,14,59,50,4.00
-74,14,59,50,4.00
-77,14,59,52,4.00
-77,14,59,52,4.00
-76,14,59,52,4.00
-76,14,59,52,4.00
-73,14,59,53,4.00
-73,14,59,53,4.00
-77,14,59,55,4.00
-77,14,59,55,4.00
-73,14,59,56,4.00
-73,14,59,56,4.00
-73,14,59,57,4.00
-73,14,59,57,4.00
-73,14,59,58,4.00
-73,14,59,58,4.00
-74,14,59,59,4.00
-74,14,59,59,4.00
-77,15,00,00,4.00
-77,15,00,00,4.00
-73,15,00,02,4.00
-73,15,00,02,4.00
-77,15,00,03,4.00
-77,15,00,03,4.00
-77,15,00,04,4.00
-77,15,00,04,4.00
-77,15,00,05,4.00
-77,15,00,05,4.00
-77,15,00,06,4.00
-77,15,00,06,4.00
-77,15,00,07,4.00
-77,15,00,07,4.00
-73,15,00,08,4.00
-73,15,00,08,4.00
-76,15,00,10,4.00
-76,15,00,10,4.00
-75,15,00,10,4.00
-75,15,00,10,4.00
-74,15,00,12,4.00
-74,15,00,12,4.00
-73,15,00,13,4.00
-73,15,00,13,4.00
-75,15,00,14,4.00
-75,15,00,14,4.00
-72,15,00,14,4.00
-72,15,00,14,4.00
-72,15,00,15,4.00
-72,15,00,15,4.00
-77,15,00,16,4.00
-77,15,00,16,4.00
-77,15,00,17,4.00
-77,15,00,17,4.00
-76,15,00,19,4.00
-76,15,00,19,4.00
-73,15,00,20,4.00
-73,15,00,20,4.00
-73,15,00,21,4.00
-73,15,00,21,4.00
-73,15,00,23,4.00
-73,15,00,23,4.00
-75,15,00,25,4.00
-75,15,00,25,4.00
-73,15,00,25,4.00
-73,15,00,25,4.00
-75,15,00,26,4.00
-75,15,00,26,4.00
-74,15,00,28,4.00
-74,15,00,28,4.00
-77,15,00,29,4.00
-77,15,00,29,4.00
-75,15,00,30,4.00
-75,15,00,30,4.00
-74,15,00,32,4.00
-74,15,00,32,4.00
-75,15,00,32,4.00
-75,15,00,32,4.00
-75,15,00,34,4.00
-75,15,00,34,4.00
-75,15,00,35,4.00
-75,15,00,35,4.00
-75,15,00,35,4.00
-75,15,00,35,4.00
-75,15,00,37,4.00
-75,15,00,37,4.00
-74,15,00,38,4.00
-74,15,00,38,4.00
-75,15,00,38,4.00
-75,15,00,38,4.00
-75,15,00,39,4.00
-75,15,00,39,4.00
-75,15,00,41,4.00
-75,15,00,41,4.00
-74,15,00,42,4.00
-74,15,00,42,4.00
-75,15,00,43,4.00
-75,15,00,43,4.00
-77,15,00,44,4.00
-77,15,00,44,4.00
-73,15,00,45,4.00
-73,15,00,45,4.00
-72,15,00,46,4.00
-72,15,00,46,4.00
-77,15,00,47,4.00
-77,15,00,47,4.00
-75,15,00,48,4.00
-75,15,00,48,4.00
-75,15,00,49,4.00
-75,15,00,49,4.00
-77,15,00,50,4.00
-77,15,00,50,4.00
-77,15,00,52,4.00
-77,15,00,52,4.00
-75,15,00,52,4.00
-75,15,00,52,4.00
-77,15,00,54,4.00
-77,15,00,54,4.00
-73,15,00,55,4.00
-73,15,00,55,4.00
-73,15,00,56,4.00
-73,15,00,56,4.00
-75,15,00,57,4.00
-75,15,00,57,4.00
-73,15,00,57,4.00
-73,15,00,57,4.00
-75,15,00,58,4.00
-75,15,00,58,4.00
-77,15,01,00,4.00
-77,15,01,00,4.00
-73,15,01,01,4.00
-73,15,01,01,4.00
-75,15,01,02,4.00
-75,15,01,02,4.00
-75,15,01,03,4.00
-75,15,01,03,4.00
-75,15,01,04,4.00
-75,15,01,04,4.00
-75,15,01,04,4.00
-75,15,01,04,4.00
-73,15,01,05,4.00
-73,15,01,05,4.00
-75,15,01,07,4.00
-75,15,01,07,4.00
-73,15,01,08,4.00
-73,15,01,08,4.00
-74,15,01,09,4.00
-74,15,01,09,4.00
-73,15,01,10,4.00
-73,15,01,10,4.00
-71,15,01,11,4.00
-71,15,01,11,4.00
-72,15,01,11,4.00
-72,15,01,11,4.00
-74,15,01,12,4.00
-74,15,01,12,4.00
-77,15,01,14,4.00
-77,15,01,14,4.00
-81,15,01,15,4.00
-81,15,01,15,4.00
-77,15,01,17,4.00
-77,15,01,17,4.00
-79,15,01,17,4.00
-79,15,01,17,4.00
-74,15,01,19,4.00
-74,15,01,19,4.00
-78,15,01,20,4.00
-78,15,01,20,4.00
-80,15,01,21,4.00
-80,15,01,21,4.00
-75,15,01,22,4.00
-75,15,01,22,4.00
-77,15,01,23,4.00
-77,15,01,23,4.00
-77,15,01,24,4.00
-77,15,01,24,4.00
-70,15,01,25,4.00
-70,15,01,25,4.00
-71,15,01,26,4.00
-71,15,01,26,4.00
-74,15,01,26,4.00
-74,15,01,26,4.00
-79,15,01,27,4.00
-79,15,01,27,4.00
-71,15,01,28,4.00
-71,15,01,28,4.00
-77,15,01,30,4.00
-77,15,01,30,4.00
-71,15,01,31,4.00
-71,15,01,31,4.00
-75,15,01,32,4.00
-75,15,01,32,4.00
-79,15,01,33,4.00
-79,15,01,33,4.00
-79,15,01,34,4.00
-79,15,01,34,4.00
-72,15,01,35,4.00
-72,15,01,35,4.00
-72,15,01,36,4.00
-72,15,01,36,4.00
-72,15,01,36,4.00
-72,15,01,36,4.00
-80,15,01,37,4.00
-80,15,01,37,4.00
-72,15,01,39,4.00
-72,15,01,39,4.00
-80,15,01,39,4.00
-80,15,01,39,4.00
-72,15,01,40,4.00
-72,15,01,40,4.00
-80,15,01,42,4.00
-80,15,01,42,4.00
-74,15,01,43,4.00
-74,15,01,43,4.00
-74,15,01,44,4.00
-74,15,01,44,4.00
-75,15,01,45,4.00
-75,15,01,45,4.00
-80,15,01,46,4.00
-80,15,01,46,4.00
-72,15,01,48,4.00
-72,15,01,48,4.00
-72,15,01,48,4.00
-72,15,01,48,4.00
-80,15,01,49,4.00
-80,15,01,49,4.00
-74,15,01,50,4.00
-74,15,01,50,4.00
-74,15,01,51,4.00
-74,15,01,51,4.00
-75,15,01,52,4.00
-75,15,01,52,4.00
-76,15,01,53,4.00
-76,15,01,53,4.00
-80,15,01,55,4.00
-80,15,01,55,4.00
-80,15,01,55,4.00
-80,15,01,55,4.00
-76,15,01,56,4.00
-76,15,01,56,4.00
-76,15,01,57,4.00
-76,15,01,57,4.00
-80,15,01,58,4.00
-80,15,01,58,4.00
-72,15,01,59,4.00
-72,15,01,59,4.00
-80,15,02,00,4.00
-80,15,02,00,4.00
-71,15,02,01,4.00
-71,15,02,01,4.00
-76,15,02,03,4.00
-76,15,02,03,4.00
-75,15,02,03,4.00
-75,15,02,03,4.00
-71,15,02,05,4.00
-71,15,02,05,4.00
-75,15,02,06,4.00
-75,15,02,06,4.00
-73,15,04,25,5.00
-73,15,04,25,5.00
-72,15,04,26,5.00
-72,15,04,26,5.00
-73,15,04,27,5.00
-73,15,04,27,5.00
-73,15,04,28,5.00
-73,15,04,28,5.00
-73,15,04,29,5.00
-73,15,04,29,5.00
-70,15,04,30,5.00
-70,15,04,30,5.00
-72,15,04,31,5.00
-72,15,04,31,5.00
-71,15,04,32,5.00
-71,15,04,32,5.00
-72,15,04,33,5.00
-72,15,04,33,5.00
-71,15,04,35,5.00
-71,15,04,35,5.00
-70,15,04,35,5.00
-70,15,04,35,5.00
-71,15,04,37,5.00
-71,15,04,37,5.00
-70,15,04,38,5.00
-70,15,04,38,5.00
-70,15,04,38,5.00
-70,15,04,38,5.00
-70,15,04,39,5.00
-70,15,04,39,5.00
-71,15,04,40,5.00
-71,15,04,40,5.00
-73,15,04,41,5.00
-73,15,04,41,5.00
-69,15,04,42,5.00
-69,15,04,42,5.00
-73,15,04,43,5.00
-73,15,04,43,5.00
-73,15,04,44,5.00
-73,15,04,44,5.00
-71,15,04,44,5.00
-71,15,04,44,5.00
-70,15,04,45,5.00
-70,15,04,45,5.00
-72,15,04,46,5.00
-72,15,04,46,5.00
-70,15,04,47,5.00
-70,15,04,47,5.00
-72,15,04,48,5.00
-72,15,04,48,5.00
-69,15,04,49,5.00
-69,15,04,49,5.00
-69,15,04,50,5.00
-69,15,04,50,5.00
-69,15,04,50,5.00
-69,15,04,50,5.00
-72,15,04,51,5.00
-72,15,04,51,5.00
-68,15,04,52,5.00
-68,15,04,52,5.00
-69,15,04,53,5.00
-69,15,04,53,5.00
-71,15,04,54,5.00
-71,15,04,54,5.00
-71,15,04,55,5.00
-71,15,04,55,5.00
-69,15,04,56,5.00
-69,15,04,56,5.00
-69,15,04,57,5.00
-69,15,04,57,5.00
-70,15,04,58,5.00
-70,15,04,58,5.00
-69,15,04,58,5.00
-69,15,04,58,5.00
-69,15,04,59,5.00
-69,15,04,59,5.00
-69,15,05,00,5.00
-69,15,05,00,5.00
-73,15,05,01,5.00
-73,15,05,01,5.00
-70,15,05,01,5.00
-70,15,05,01,5.00
-71,15,05,03,5.00
-71,15,05,03,5.00
-71,15,05,04,5.00
-71,15,05,04,5.00
-71,15,05,04,5.00
-71,15,05,04,5.00
-71,15,05,06,5.00
-71,15,05,06,5.00
-71,15,05,06,5.00
-71,15,05,06,5.00
-70,15,05,07,5.00
-70,15,05,07,5.00
-71,15,05,08,5.00
-71,15,05,08,5.00
-69,15,05,09,5.00
-69,15,05,09,5.00
-69,15,05,11,5.00
-69,15,05,11,5.00
-71,15,05,12,5.00
-71,15,05,12,5.00
-72,15,05,13,5.00
-72,15,05,13,5.00
-71,15,05,14,5.00
-71,15,05,14,5.00
-70,15,05,15,5.00
-70,15,05,15,5.00
-70,15,05,16,5.00
-70,15,05,16,5.00
-69,15,05,17,5.00
-69,15,05,17,5.00
-70,15,05,18,5.00
-70,15,05,18,5.00
-68,15,05,19,5.00
-68,15,05,19,5.00
-69,15,05,19,5.00
-69,15,05,19,5.00
-70,15,05,21,5.00
-70,15,05,21,5.00
-68,15,05,22,5.00
-68,15,05,22,5.00
-71,15,05,23,5.00
-71,15,05,23,5.00
-71,15,05,25,5.00
-71,15,05,25,5.00
-68,15,05,25,5.00
-68,15,05,25,5.00
-71,15,05,26,5.00
-71,15,05,26,5.00
-70,15,05,27,5.00
-70,15,05,27,5.00
-71,15,05,28,5.00
-71,15,05,28,5.00
-71,15,05,28,5.00
-71,15,05,28,5.00
-70,15,05,29,5.00
-70,15,05,29,5.00
-69,15,05,31,5.00
-69,15,05,31,5.00
-71,15,05,32,5.00
-71,15,05,32,5.00
-68,15,05,33,5.00
-68,15,05,33,5.00
-70,15,05,34,5.00
-70,15,05,34,5.00
-71,15,05,35,5.00
-71,15,05,35,5.00
-70,15,05,35,5.00
-70,15,05,35,5.00
-70,15,05,36,5.00
-70,15,05,36,5.00
-69,15,05,37,5.00
-69,15,05,37,5.00
-69,15,05,38,5.00
-69,15,05,38,5.00
-73,15,05,38,5.00
-73,15,05,38,5.00
-69,15,05,39,5.00
-69,15,05,39,5.00
-71,15,05,40,5.00
-71,15,05,40,5.00
-67,15,05,41,5.00
-67,15,05,41,5.00
-70,15,05,43,5.00
-70,15,05,43,5.00
-69,15,05,43,5.00
-69,15,05,43,5.00
-72,15,05,44,5.00
-72,15,05,44,5.00
-72,15,05,45,5.00
-72,15,05,45,5.00
-71,15,05,45,5.00
-71,15,05,45,5.00
-71,15,05,46,5.00
-71,15,05,46,5.00
-70,15,05,47,5.00
-70,15,05,47,5.00
-71,15,05,48,5.00
-71,15,05,48,5.00
-69,15,05,49,5.00
-69,15,05,49,5.00
-69,15,05,50,5.00
-69,15,05,50,5.00
-71,15,05,51,5.00
-71,15,05,51,5.00
-69,15,05,51,5.00
-69,15,05,51,5.00
-70,15,05,52,5.00
-70,15,05,52,5.00
-69,15,05,53,5.00
-69,15,05,53,5.00
-68,15,05,54,5.00
-68,15,05,54,5.00
-71,15,05,55,5.00
-71,15,05,55,5.00
-69,15,05,56,5.00
-69,15,05,56,5.00
-70,15,05,56,5.00
-70,15,05,56,5.00
-70,15,05,57,5.00
-70,15,05,57,5.00
-72,15,05,58,5.00
-72,15,05,58,5.00
-69,15,05,59,5.00
-69,15,05,59,5.00
-67,15,06,00,5.00
-67,15,06,00,5.00
-71,15,06,01,5.00
-71,15,06,01,5.00
-71,15,06,02,5.00
-71,15,06,02,5.00
-71,15,06,03,5.00
-71,15,06,03,5.00
-68,15,06,04,5.00
-68,15,06,04,5.00
-71,15,06,04,5.00
-71,15,06,04,5.00
-68,15,06,06,5.00
-68,15,06,06,5.00
-71,15,06,06,5.00
-71,15,06,06,5.00
-69,15,06,07,5.00
-69,15,06,07,5.00
-69,15,06,08,5.00
-69,15,06,08,5.00
-71,15,06,09,5.00
-71,15,06,09,5.00
-71,15,06,09,5.00
-71,15,06,09,5.00
-71,15,06,11,5.00
-71,15,06,11,5.00
-71,15,06,11,5.00
-71,15,06,11,5.00
-69,15,06,12,5.00
-69,15,06,12,5.00
-71,15,06,13,5.00
-71,15,06,13,5.00
-70,15,06,14,5.00
-70,15,06,14,5.00
-69,15,06,15,5.00
-69,15,06,15,5.00
-70,15,06,16,5.00
-70,15,06,16,5.00
-71,15,06,17,5.00
-71,15,06,17,5.00
-71,15,06,18,5.00
-71,15,06,18,5.00
-71,15,06,19,5.00
-71,15,06,19,5.00
-72,15,06,20,5.00
-72,15,06,20,5.00
-71,15,06,20,5.00
-71,15,06,20,5.00
-71,15,06,21,5.00
-71,15,06,21,5.00
-71,15,06,22,5.00
-71,15,06,22,5.00
-70,15,06,23,5.00
-70,15,06,23,5.00
-69,15,06,23,5.00
-69,15,06,23,5.00
-71,15,06,24,5.00
-71,15,06,24,5.00
-71,15,06,25,5.00
-71,15,06,25,5.00
-71,15,06,26,5.00
-71,15,06,26,5.00
-71,15,06,27,5.00
-71,15,06,27,5.00
-71,15,06,27,5.00
-71,15,06,27,5.00
-70,15,06,28,5.00
-70,15,06,28,5.00
-70,15,06,29,5.00
-70,15,06,29,5.00
-71,15,06,30,5.00
-71,15,06,30,5.00
-71,15,06,31,5.00
-71,15,06,31,5.00
-71,15,06,31,5.00
-71,15,06,31,5.00
-69,15,06,33,5.00
-69,15,06,33,5.00
-71,15,06,34,5.00
-71,15,06,34,5.00
-71,15,06,35,5.00
-71,15,06,35,5.00
-69,15,06,36,5.00
-69,15,06,36,5.00
-71,15,06,37,5.00
-71,15,06,37,5.00
-70,15,06,37,5.00
-70,15,06,37,5.00
-71,15,06,38,5.00
-71,15,06,38,5.00
-71,15,06,39,5.00
-71,15,06,39,5.00
-69,15,06,40,5.00
-69,15,06,40,5.00
-71,15,06,41,5.00
-71,15,06,41,5.00
-70,15,06,41,5.00
-70,15,06,41,5.00
-70,15,06,42,5.00
-70,15,06,42,5.00
-71,15,06,43,5.00
-71,15,06,43,5.00
-68,15,06,44,5.00
-68,15,06,44,5.00
-71,15,06,44,5.00
-71,15,06,44,5.00
-71,15,06,45,5.00
-71,15,06,45,5.00
-70,15,06,46,5.00
-70,15,06,46,5.00
-69,15,06,47,5.00
-69,15,06,47,5.00
-68,15,06,48,5.00
-68,15,06,48,5.00
-71,15,06,49,5.00
-71,15,06,49,5.00
-71,15,06,50,5.00
-71,15,06,50,5.00
-71,15,06,50,5.00
-71,15,06,50,5.00
-71,15,06,51,5.00
-71,15,06,51,5.00
-70,15,06,52,5.00
-70,15,06,52,5.00
-68,15,06,53,5.00
-68,15,06,53,5.00
-69,15,06,54,5.00
-69,15,06,54,5.00
-72,15,06,55,5.00
-72,15,06,55,5.00
-68,15,06,55,5.00
-68,15,06,55,5.00
-68,15,06,56,5.00
-68,15,06,56,5.00
-71,15,06,57,5.00
-71,15,06,57,5.00
-71,15,06,58,5.00
-71,15,06,58,5.00
-71,15,06,59,5.00
-71,15,06,59,5.00
-69,15,07,00,5.00
-69,15,07,00,5.00
-71,15,07,01,5.00
-71,15,07,01,5.00
-71,15,07,02,5.00
-71,15,07,02,5.00
-69,15,07,03,5.00
-69,15,07,03,5.00
-71,15,07,04,5.00
-71,15,07,04,5.00
-70,15,07,05,5.00
-70,15,07,05,5.00
-71,15,07,06,5.00
-71,15,07,06,5.00
-70,15,07,06,5.00
-70,15,07,06,5.00
-69,15,07,07,5.00
-69,15,07,07,5.00
-71,15,07,08,5.00
-71,15,07,08,5.00
-69,15,07,09,5.00
-69,15,07,09,5.00
-69,15,07,10,5.00
-69,15,07,10,5.00
-71,15,07,10,5.00
-71,15,07,10,5.00
-69,15,07,11,5.00
-69,15,07,11,5.00
-68,15,07,12,5.00
-68,15,07,12,5.00
-69,15,07,12,5.00
-69,15,07,12,5.00
-71,15,07,14,5.00
-71,15,07,14,5.00
-71,15,07,14,5.00
-71,15,07,14,5.00
-69,15,07,15,5.00
-69,15,07,15,5.00
-69,15,07,16,5.00
-69,15,07,16,5.00
-71,15,07,17,5.00
-71,15,07,17,5.00
-67,15,07,18,5.00
-67,15,07,18,5.00
-71,15,07,19,5.00
-71,15,07,19,5.00
-71,15,07,20,5.00
-71,15,07,20,5.00
-69,15,07,21,5.00
-69,15,07,21,5.00
-72,15,07,22,5.00
-72,15,07,22,5.00
-70,15,07,22,5.00
-70,15,07,22,5.00
-71,15,07,23,5.00
-71,15,07,23,5.00
-69,15,07,24,5.00
-69,15,07,24,5.00
-67,15,07,25,5.00
-67,15,07,25,5.00
-69,15,07,26,5.00
-69,15,07,26,5.00
-71,15,07,27,5.00
-71,15,07,27,5.00
-71,15,07,28,5.00
-71,15,07,28,5.00
-69,15,07,28,5.00
-69,15,07,28,5.00
-69,15,07,29,5.00
-69,15,07,29,5.00
-69,15,07,30,5.00
-69,15,07,30,5.00
-71,15,07,31,5.00
-71,15,07,31,5.00
-71,15,07,32,5.00
-71,15,07,32,5.00
-71,15,07,32,5.00
-71,15,07,32,5.00
-71,15,07,33,5.00
-71,15,07,33,5.00
-71,15,07,34,5.00
-71,15,07,34,5.00
-69,15,07,35,5.00
-69,15,07,35,5.00
-68,15,07,36,5.00
-68,15,07,36,5.00
-71,15,07,37,5.00
-71,15,07,37,5.00
-69,15,07,38,5.00
-69,15,07,38,5.00
-71,15,07,39,5.00
-71,15,07,39,5.00
-71,15,07,40,5.00
-71,15,07,40,5.00
-71,15,07,41,5.00
-71,15,07,41,5.00
-71,15,07,42,5.00
-71,15,07,42,5.00
-69,15,07,43,5.00
-69,15,07,43,5.00
-69,15,07,43,5.00
-69,15,07,44,5.00
-68,15,07,45,5.00
-68,15,07,45,5.00
-71,15,07,45,5.00
-71,15,07,45,5.00
-71,15,07,47,5.00
-71,15,07,47,5.00
-70,15,07,47,5.00
-70,15,07,47,5.00
-73,15,09,25,6.00
-73,15,09,25,6.00
-70,15,09,25,6.00
-70,15,09,25,6.00
-71,15,09,26,6.00
-71,15,09,26,6.00
-90,15,09,28,6.00
-90,15,09,28,6.00
-73,15,09,28,6.00
-73,15,09,28,6.00
-74,15,09,29,6.00
-74,15,09,29,6.00
-82,15,09,31,6.00
-82,15,09,31,6.00
-70,15,09,32,6.00
-70,15,09,32,6.00
-74,15,09,33,6.00
-74,15,09,33,6.00
-72,15,09,34,6.00
-72,15,09,34,6.00
-73,15,09,35,6.00
-73,15,09,35,6.00
-71,15,09,36,6.00
-71,15,09,36,6.00
-73,15,09,37,6.00
-73,15,09,37,6.00
-73,15,09,38,6.00
-73,15,09,38,6.00
-72,15,09,38,6.00
-72,15,09,38,6.00
-89,15,09,39,6.00
-89,15,09,39,6.00
-72,15,09,41,6.00
-72,15,09,41,6.00
-89,15,09,41,6.00
-89,15,09,41,6.00
-91,15,09,43,6.00
-91,15,09,43,6.00
-91,15,09,44,6.00
-91,15,09,44,6.00
-90,15,09,45,6.00
-90,15,09,45,6.00
-71,15,09,46,6.00
-71,15,09,46,6.00
-71,15,09,47,6.00
-71,15,09,47,6.00
-72,15,09,48,6.00
-72,15,09,48,6.00
-91,15,09,48,6.00
-91,15,09,48,6.00
-71,15,09,50,6.00
-71,15,09,50,6.00
-71,15,09,50,6.00
-71,15,09,50,6.00
-71,15,09,51,6.00
-71,15,09,51,6.00
-72,15,09,52,6.00
-72,15,09,52,6.00
-71,15,09,53,6.00
-71,15,09,53,6.00
-71,15,09,54,6.00
-71,15,09,54,6.00
-88,15,09,55,6.00
-88,15,09,55,6.00
-89,15,09,56,6.00
-89,15,09,56,6.00
-71,15,09,57,6.00
-71,15,09,57,6.00
-87,15,09,58,6.00
-87,15,09,58,6.00
-89,15,09,59,6.00
-89,15,09,59,6.00
-73,15,09,59,6.00
-73,15,09,59,6.00
-73,15,10,00,6.00
-73,15,10,00,6.00
-72,15,10,01,6.00
-72,15,10,01,6.00
-72,15,10,03,6.00
-72,15,10,03,6.00
-73,15,10,03,6.00
-73,15,10,03,6.00
-72,15,10,04,6.00
-72,15,10,04,6.00
-89,15,10,05,6.00
-89,15,10,05,6.00
-73,15,10,06,6.00
-73,15,10,06,6.00
-72,15,10,07,6.00
-72,15,10,07,6.00
-72,15,10,08,6.00
-72,15,10,08,6.00
-90,15,10,09,6.00
-90,15,10,09,6.00
-72,15,10,10,6.00
-72,15,10,10,6.00
-88,15,10,11,6.00
-88,15,10,11,6.00
-72,15,10,12,6.00
-72,15,10,12,6.00
-72,15,10,13,6.00
-72,15,10,13,6.00
-90,15,10,14,6.00
-90,15,10,14,6.00
-72,15,10,15,6.00
-72,15,10,15,6.00
-72,15,10,16,6.00
-72,15,10,16,6.00
-72,15,10,17,6.00
-72,15,10,17,6.00
-72,15,10,18,6.00
-72,15,10,18,6.00
-71,15,10,19,6.00
-71,15,10,19,6.00
-90,15,10,20,6.00
-90,15,10,20,6.00
-72,15,10,21,6.00
-72,15,10,21,6.00
-71,15,10,23,6.00
-71,15,10,23,6.00
-72,15,10,23,6.00
-72,15,10,23,6.00
-73,15,10,25,6.00
-73,15,10,25,6.00
-71,15,10,28,6.00
-71,15,10,28,6.00
-92,15,10,30,6.00
-92,15,10,30,6.00
-73,15,10,31,6.00
-73,15,10,31,6.00
-72,15,10,33,6.00
-72,15,10,33,6.00
-92,15,10,34,6.00
-92,15,10,34,6.00
-73,15,10,35,6.00
-73,15,10,35,6.00
-71,15,10,36,6.00
-71,15,10,36,6.00
-93,15,10,37,6.00
-93,15,10,37,6.00
-73,15,10,38,6.00
-73,15,10,38,6.00
-71,15,10,40,6.00
-71,15,10,40,6.00
-93,15,10,41,6.00
-93,15,10,41,6.00
-73,15,10,41,6.00
-73,15,10,41,6.00
-73,15,10,44,6.00
-73,15,10,44,6.00
-71,15,10,44,6.00
-71,15,10,44,6.00
-73,15,10,45,6.00
-73,15,10,45,6.00
-73,15,10,47,6.00
-73,15,10,47,6.00
-71,15,10,48,6.00
-71,15,10,48,6.00
-73,15,10,50,6.00
-73,15,10,50,6.00
-71,15,10,52,6.00
-71,15,10,52,6.00
-73,15,10,53,6.00
-73,15,10,53,6.00
-73,15,10,55,6.00
-73,15,10,55,6.00
-72,15,10,57,6.00
-72,15,10,57,6.00
-71,15,10,58,6.00
-71,15,10,58,6.00
-72,15,11,00,6.00
-72,15,11,00,6.00
-88,15,11,01,6.00
-88,15,11,01,6.00
-72,15,11,02,6.00
-72,15,11,02,6.00
-80,15,11,04,6.00
-80,15,11,04,6.00
-80,15,11,04,6.00
-80,15,11,04,6.00
-70,15,11,05,6.00
-70,15,11,05,6.00
-73,15,11,06,6.00
-73,15,11,06,6.00
-82,15,11,07,6.00
-82,15,11,07,6.00
-85,15,11,08,6.00
-85,15,11,08,6.00
-70,15,11,09,6.00
-70,15,11,09,6.00
-70,15,11,10,6.00
-70,15,11,10,6.00
-71,15,11,11,6.00
-71,15,11,11,6.00
-70,15,11,12,6.00
-70,15,11,12,6.00
-73,15,11,14,6.00
-73,15,11,14,6.00
-73,15,11,15,6.00
-73,15,11,15,6.00
-70,15,11,15,6.00
-70,15,11,15,6.00
-70,15,11,17,6.00
-70,15,11,17,6.00
-82,15,11,17,6.00
-82,15,11,17,6.00
-74,15,11,19,6.00
-74,15,11,19,6.00
-73,15,11,20,6.00
-73,15,11,20,6.00
-74,15,11,21,6.00
-74,15,11,21,6.00
-85,15,11,22,6.00
-85,15,11,22,6.00
-73,15,11,23,6.00
-73,15,11,23,6.00
-93,15,11,24,6.00
-93,15,11,24,6.00
-73,15,11,24,6.00
-73,15,11,24,6.00
-82,15,11,25,6.00
-82,15,11,25,6.00
-71,15,11,26,6.00
-71,15,11,26,6.00
-73,15,11,27,6.00
-73,15,11,27,6.00
-73,15,11,28,6.00
-73,15,11,28,6.00
-85,15,11,30,6.00
-85,15,11,30,6.00
-70,15,11,30,6.00
-70,15,11,30,6.00
-69,15,11,31,6.00
-69,15,11,31,6.00
-71,15,11,32,6.00
-71,15,11,32,6.00
-83,15,11,33,6.00
-83,15,11,33,6.00
-74,15,11,34,6.00
-74,15,11,34,6.00
-70,15,11,35,6.00
-70,15,11,35,6.00
-82,15,11,36,6.00
-82,15,11,36,6.00
-82,15,11,37,6.00
-82,15,11,37,6.00
-74,15,11,38,6.00
-74,15,11,38,6.00
-70,15,11,39,6.00
-70,15,11,39,6.00
-83,15,11,40,6.00
-83,15,11,40,6.00
-73,15,11,41,6.00
-73,15,11,41,6.00
-86,15,11,42,6.00
-86,15,11,42,6.00
-86,15,11,43,6.00
-86,15,11,43,6.00
-74,15,11,43,6.00
-74,15,11,43,6.00
-70,15,11,45,6.00
-70,15,11,45,6.00
-74,15,11,45,6.00
-74,15,11,45,6.00
-74,15,11,46,6.00
-74,15,11,46,6.00
-70,15,11,48,6.00
-70,15,11,48,6.00
-80,15,11,48,6.00
-80,15,11,48,6.00
-82,15,11,50,6.00
-82,15,11,50,6.00
-73,15,11,50,6.00
-73,15,11,50,6.00
-80,15,11,52,6.00
-80,15,11,52,6.00
-69,15,11,53,6.00
-69,15,11,53,6.00
-73,15,11,53,6.00
-73,15,11,53,6.00
-77,15,11,55,6.00
-77,15,11,55,6.00
-68,15,11,56,6.00
-68,15,11,56,6.00
-82,15,11,56,6.00
-82,15,11,56,6.00
-88,15,11,57,6.00
-88,15,11,57,6.00
-85,15,11,58,6.00
-85,15,11,58,6.00
-70,15,11,59,6.00
-70,15,11,59,6.00
-86,15,12,00,6.00
-86,15,12,00,6.00
-74,15,12,01,6.00
-74,15,12,01,6.00
-73,15,12,02,6.00
-73,15,12,02,6.00
-87,15,12,03,6.00
-87,15,12,03,6.00
-85,15,12,04,6.00
-85,15,12,04,6.00
-69,15,12,05,6.00
-69,15,12,05,6.00
-83,15,12,06,6.00
-83,15,12,06,6.00
-74,15,12,07,6.00
-74,15,12,07,6.00
-69,15,12,08,6.00
-69,15,12,08,6.00
-82,15,12,09,6.00
-82,15,12,09,6.00
-74,15,12,10,6.00
-74,15,12,10,6.00
-74,15,12,11,6.00
-74,15,12,11,6.00
-69,15,12,12,6.00
-69,15,12,12,6.00
-74,15,12,13,6.00
-74,15,12,13,6.00
-69,15,12,14,6.00
-69,15,12,14,6.00
-82,15,12,15,6.00
-82,15,12,15,6.00
-70,15,12,16,6.00
-70,15,12,16,6.00
-74,15,12,17,6.00
-74,15,12,17,6.00
-70,15,12,18,6.00
-70,15,12,18,6.00
-74,15,12,19,6.00
-74,15,12,19,6.00
-74,15,12,19,6.00
-74,15,12,19,6.00
-86,15,12,20,6.00
-86,15,12,20,6.00
-87,15,12,22,6.00
-87,15,12,22,6.00
-86,15,12,23,6.00
-86,15,12,23,6.00
-74,15,12,24,6.00
-74,15,12,24,6.00
-82,15,12,24,6.00
-82,15,12,24,6.00
-75,15,12,26,6.00
-75,15,12,26,6.00
-75,15,12,27,6.00
-75,15,12,27,6.00
-74,15,12,28,6.00
-74,15,12,28,6.00
-82,15,12,29,6.00
-82,15,12,29,6.00
-74,15,12,29,6.00
-74,15,12,29,6.00
-83,15,12,31,6.00
-83,15,12,31,6.00
-81,15,12,32,6.00
-81,15,12,32,6.00
-74,15,12,32,6.00
-74,15,12,32,6.00
-69,15,12,33,6.00
-69,15,12,33,6.00
-82,15,12,34,6.00
-82,15,12,34,6.00
-83,15,12,35,6.00
-83,15,12,35,6.00
-70,15,12,36,6.00
-70,15,12,36,6.00
-74,15,12,37,6.00
-74,15,12,37,6.00
-82,15,12,37,6.00
-82,15,12,37,6.00
-70,15,12,38,6.00
-70,15,12,38,6.00
-74,15,12,39,6.00
-74,15,12,39,6.00
-70,15,12,40,6.00
-70,15,12,40,6.00
-88,15,12,41,6.00
-88,15,12,41,6.00
-70,15,12,43,6.00
-70,15,12,43,6.00
-75,15,12,44,6.00
-75,15,12,44,6.00
-88,15,12,45,6.00
-88,15,12,45,6.00
-71,15,12,45,6.00
-71,15,12,45,6.00
-85,15,12,47,6.00
-85,15,12,47,6.00
-70,15,12,47,6.00
-70,15,12,47,6.00
-74,15,12,48,6.00
-74,15,12,48,6.00
-86,15,12,49,6.00
-86,15,12,49,6.00
-74,15,12,50,6.00
-74,15,12,50,6.00
-71,15,12,51,6.00
-71,15,12,51,6.00
-74,15,12,52,6.00
-74,15,12,52,6.00
-86,15,12,53,6.00
-86,15,12,53,6.00
-70,15,12,54,6.00
-70,15,12,54,6.00
-80,15,12,55,6.00
-80,15,12,55,6.00
-70,15,12,56,6.00
-70,15,12,56,6.00
-70,15,12,57,6.00
-70,15,12,57,6.00
-74,15,12,58,6.00
-74,15,12,58,6.00
-78,15,13,00,6.00
-78,15,13,00,6.00
-70,15,13,01,6.00
-70,15,13,01,6.00
-78,15,13,02,6.00
-78,15,13,02,6.00
-78,15,13,03,6.00
-78,15,13,03,6.00
-73,15,13,03,6.00
-73,15,13,03,6.00
-77,15,13,05,6.00
-77,15,13,05,6.00
-70,15,13,05,6.00
-70,15,13,05,6.00
-73,15,13,07,6.00
-73,15,13,07,6.00
-77,15,13,08,6.00
-77,15,13,08,6.00
-73,15,13,09,6.00
-73,15,13,09,6.00
-69,15,13,09,6.00
-69,15,13,09,6.00
-73,15,13,10,6.00
-73,15,13,10,6.00
-77,15,13,11,6.00
-77,15,13,11,6.00
-69,15,13,12,6.00
-69,15,13,12,6.00
-73,15,13,13,6.00
-73,15,13,13,6.00
-77,15,13,14,6.00
-77,15,13,14,6.00
-77,15,13,15,6.00
-77,15,13,15,6.00
-73,15,13,16,6.00
-73,15,13,16,6.00
-77,15,13,16,6.00
-77,15,13,16,6.00
-77,15,13,17,6.00
-77,15,13,17,6.00
-70,15,13,18,6.00
-70,15,13,18,6.00
-77,15,13,19,6.00
-77,15,13,19,6.00
-73,15,13,19,6.00
-73,15,13,19,6.00
-69,15,13,21,6.00
-69,15,13,21,6.00
-70,15,13,22,6.00
-70,15,13,22,6.00
-73,15,13,23,6.00
-73,15,13,23,6.00
-70,15,13,24,6.00
-70,15,13,24,6.00
-73,15,13,25,6.00
-73,15,13,25,6.00
-77,15,13,26,6.00
-77,15,13,26,6.00
-70,15,13,27,6.00
-70,15,13,27,6.00
-77,15,13,28,6.00
-77,15,13,28,6.00
-77,15,13,29,6.00
-77,15,13,29,6.00
-73,15,13,30,6.00
-73,15,13,30,6.00
